user_id,age,income,session_duration,country,subscription_type,last_login_days,conversion
1,56.0,135186.0,193.0,Canada,Free,79.0,0
2,69.0,64674.0,22.0,France,Premium,44.0,0
3,46.0,65854.0,120.0,Canada,Enterprise,58.0,0
4,32.0,76271.0,210.0,Canada,Enterprise,55.0,0
5,60.0,103688.0,270.0,Canada,Free,47.0,0
6,25.0,68518.0,192.0,UK,Enterprise,47.0,0
7,38.0,141076.0,175.0,Canada,Enterprise,52.0,1
8,56.0,83694.0,285.0,Canada,Premium,86.0,0
9,36.0,120825.0,204.0,USA,Premium,87.0,0
10,40.0,31062.0,164.0,France,Free,72.0,0
11,28.0,146664.0,251.0,Germany,Premium,34.0,0
12,28.0,80448.0,227.0,UK,Free,50.0,0
13,41.0,83694.0,7.0,Canada,Free,83.0,0
14,53.0,36229.0,29.0,Germany,Free,36.0,1
15,57.0,86793.0,147.0,France,Enterprise,80.0,1
16,41.0,144813.0,134.0,Germany,Premium,56.0,0
17,20.0,77915.0,79.0,Germany,Free,7.0,1
18,39.0,34632.0,58.0,Canada,Free,78.0,0
19,19.0,83694.0,26.0,France,Free,19.0,0
20,41.0,33596.0,226.0,USA,Premium,47.0,0
21,61.0,83694.0,285.0,UK,Premium,11.0,0
22,47.0,36168.0,4.0,Germany,Free,48.0,1
23,55.0,83694.0,147.0,UK,Enterprise,16.0,0
24,19.0,37561.0,39.0,USA,Free,63.0,0
25,38.0,103794.0,271.0,UK,Enterprise,41.0,1
26,50.0,112152.0,285.0,USA,Enterprise,28.0,0
27,29.0,56734.0,157.0,Canada,Free,18.0,0
28,39.0,36371.0,75.0,Germany,Free,10.0,0
29,61.0,83694.0,288.0,USA,Free,49.0,1
30,42.0,56069.0,130.0,UK,Premium,47.0,1
31,66.0,83694.0,175.0,Germany,Free,57.0,0
32,44.0,42910.0,84.0,Canada,Free,33.0,0
33,59.0,103479.0,22.0,Germany,Premium,19.0,0
34,45.0,107735.0,27.0,USA,Free,49.0,1
35,33.0,111264.0,195.0,Canada,Free,87.0,0
36,32.0,53275.0,236.0,UK,Free,9.0,0
37,64.0,83694.0,92.0,Canada,Free,31.0,1
38,68.0,111449.0,21.0,Canada,Free,51.0,0
39,61.0,130776.0,84.0,France,Enterprise,14.0,0
40,69.0,90004.0,262.0,Canada,Free,83.0,0
41,20.0,92981.0,147.0,Canada,Free,2.0,1
42,54.0,114659.0,257.0,Germany,Enterprise,36.0,0
43,68.0,83694.0,58.0,UK,Premium,47.0,0
44,24.0,78447.0,15.0,Germany,Enterprise,71.0,0
45,38.0,64529.0,162.0,Germany,Enterprise,47.0,0
46,26.0,105703.0,163.0,USA,Free,47.0,0
47,56.0,83694.0,281.0,Germany,Enterprise,22.0,0
48,35.0,47260.0,280.0,France,Enterprise,10.0,1
49,21.0,142581.0,12.0,France,Enterprise,63.0,0
50,42.0,33812.0,274.0,USA,Enterprise,7.0,0
51,31.0,58024.0,271.0,UK,Premium,55.0,0
52,67.0,88656.0,208.0,UK,Free,47.0,0
53,26.0,146148.0,27.0,Germany,Free,9.0,1
54,43.0,57285.0,72.0,Germany,Premium,38.0,0
55,19.0,122436.0,60.0,Canada,Enterprise,27.0,0
56,37.0,146421.0,145.0,UK,Premium,48.0,0
57,45.0,31605.0,93.0,Canada,Enterprise,35.0,0
58,64.0,101158.0,8.0,France,Premium,12.0,0
59,24.0,102303.0,79.0,Canada,Free,35.0,0
60,61.0,83694.0,27.0,Canada,Free,25.0,1
61,25.0,107149.0,174.0,UK,Free,85.0,1
62,64.0,86138.0,50.0,Canada,Enterprise,3.0,0
63,52.0,83694.0,199.0,USA,Enterprise,81.0,1
64,31.0,106125.0,181.0,Germany,Premium,63.0,0
65,34.0,43918.0,24.0,USA,Premium,37.0,0
66,53.0,115655.0,46.0,France,Free,87.0,0
67,67.0,57446.0,15.0,Canada,Enterprise,86.0,0
68,57.0,43046.0,153.0,Canada,Premium,21.0,0
69,21.0,54818.0,222.0,France,Enterprise,1.0,0
70,19.0,130894.0,206.0,Germany,Enterprise,30.0,0
71,23.0,83694.0,273.0,Canada,Free,10.0,0
72,59.0,34324.0,236.0,USA,Free,45.0,0
73,21.0,106323.0,228.0,Germany,Enterprise,61.0,1
74,46.0,39111.0,9.0,Canada,Enterprise,68.0,0
75,35.0,68110.0,166.0,USA,Free,63.0,0
76,43.0,46389.0,214.0,Canada,Enterprise,9.0,0
77,61.0,83694.0,117.0,France,Free,39.0,0
78,51.0,109579.0,72.0,France,Premium,23.0,1
79,27.0,58746.0,64.0,France,Free,43.0,0
80,53.0,117886.0,205.0,UK,Premium,59.0,0
81,31.0,137141.0,209.0,Germany,Enterprise,61.0,1
82,48.0,30117.0,72.0,Germany,Premium,86.0,0
83,65.0,142221.0,277.0,UK,Free,16.0,0
84,32.0,114471.0,274.0,Canada,Free,64.0,0
85,25.0,83694.0,95.0,Canada,Enterprise,56.0,1
86,31.0,43234.0,166.0,France,Free,54.0,0
87,40.0,83694.0,32.0,USA,Enterprise,52.0,0
88,57.0,83441.0,11.0,Canada,Free,55.0,0
89,38.0,30846.0,217.0,USA,Free,8.0,0
90,33.0,40954.0,289.0,Germany,Enterprise,21.0,0
91,62.0,109239.0,102.0,USA,Premium,12.0,0
92,35.0,143689.0,267.0,Germany,Free,88.0,0
93,64.0,76514.0,214.0,UK,Premium,47.0,1
94,41.0,118236.0,179.0,UK,Free,47.0,1
95,43.0,83694.0,88.0,Canada,Free,75.0,0
96,42.0,36469.0,41.0,Canada,Free,39.0,1
97,62.0,60105.0,76.0,Canada,Free,16.0,0
98,58.0,72101.0,46.0,Germany,Free,47.0,0
99,46.0,94323.0,160.0,France,Premium,14.0,0
100,32.0,121922.0,80.0,USA,Free,78.0,1
101,62.0,83694.0,86.0,Germany,Free,62.0,1
102,18.0,79376.0,92.0,Canada,Premium,47.0,0
103,42.0,75587.0,148.0,Canada,Enterprise,12.0,1
104,24.0,66976.0,147.0,Germany,Enterprise,80.0,0
105,26.0,134587.0,202.0,Germany,Premium,31.0,1
106,41.0,97584.0,242.0,USA,Free,47.0,1
107,18.0,134537.0,2.0,Canada,Free,39.0,0
108,61.0,108477.0,225.0,UK,Enterprise,47.0,1
109,25.0,140911.0,289.0,Germany,Enterprise,89.0,0
110,41.0,72533.0,233.0,Germany,Premium,84.0,0
111,28.0,31828.0,77.0,USA,Enterprise,47.0,0
112,68.0,31917.0,116.0,France,Premium,76.0,0
113,34.0,50618.0,154.0,UK,Enterprise,79.0,1
114,25.0,62254.0,103.0,Canada,Enterprise,72.0,0
115,52.0,135292.0,194.0,Germany,Enterprise,62.0,0
116,52.0,83694.0,166.0,Germany,Free,47.0,1
117,50.0,77362.0,90.0,UK,Free,43.0,1
118,22.0,50128.0,174.0,France,Free,37.0,0
119,59.0,141281.0,122.0,Germany,Enterprise,82.0,1
120,56.0,89383.0,143.0,Canada,Premium,59.0,0
121,58.0,95545.0,147.0,USA,Premium,70.0,1
122,45.0,112180.0,123.0,France,Premium,47.0,0
123,24.0,117958.0,9.0,Canada,Premium,17.0,0
124,26.0,39865.0,262.0,Germany,Free,15.0,0
125,25.0,32219.0,73.0,UK,Free,54.0,0
126,29.0,69809.0,223.0,USA,Enterprise,38.0,0
127,51.0,83694.0,41.0,Canada,Enterprise,67.0,0
128,50.0,35287.0,204.0,UK,Premium,58.0,0
129,65.0,83694.0,264.0,UK,Free,88.0,1
130,40.0,38512.0,178.0,Canada,Premium,61.0,0
131,41.0,31342.0,84.0,USA,Enterprise,12.0,0
132,54.0,93076.0,111.0,USA,Enterprise,80.0,0
133,52.0,138872.0,251.0,France,Premium,5.0,0
134,61.0,49216.0,7.0,Germany,Enterprise,82.0,1
135,57.0,147512.0,84.0,Canada,Premium,76.0,1
136,39.0,83694.0,208.0,Canada,Free,59.0,0
137,44.0,83694.0,22.0,Canada,Premium,89.0,0
138,52.0,109767.0,3.0,USA,Free,13.0,1
139,18.0,127829.0,147.0,Germany,Free,53.0,0
140,52.0,56614.0,297.0,France,Enterprise,47.0,1
141,54.0,66258.0,188.0,UK,Enterprise,38.0,0
142,64.0,83694.0,14.0,UK,Enterprise,71.0,1
143,31.0,72078.0,12.0,Canada,Premium,24.0,0
144,20.0,136288.0,87.0,Germany,Premium,76.0,0
145,18.0,113524.0,12.0,USA,Enterprise,31.0,1
146,22.0,83694.0,25.0,Germany,Premium,58.0,0
147,43.0,42219.0,243.0,Germany,Enterprise,62.0,0
148,31.0,30235.0,122.0,USA,Premium,37.0,0
149,56.0,83694.0,147.0,Canada,Free,52.0,0
150,44.0,97444.0,55.0,Germany,Free,66.0,0
151,26.0,38567.0,238.0,Canada,Enterprise,27.0,0
152,32.0,131834.0,173.0,USA,Premium,47.0,0
153,32.0,100792.0,221.0,France,Free,79.0,0
154,43.0,95441.0,119.0,Canada,Free,21.0,1
155,59.0,114555.0,183.0,USA,Free,37.0,0
156,30.0,103698.0,288.0,France,Enterprise,71.0,0
157,68.0,83694.0,82.0,Canada,Free,71.0,0
158,49.0,35415.0,211.0,Germany,Enterprise,61.0,0
159,56.0,66159.0,150.0,Canada,Free,47.0,0
160,66.0,73925.0,37.0,Canada,Free,5.0,0
161,69.0,35951.0,59.0,USA,Premium,77.0,0
162,49.0,117388.0,131.0,USA,Free,31.0,0
163,21.0,38007.0,202.0,Canada,Free,9.0,0
164,47.0,71832.0,243.0,Germany,Enterprise,2.0,0
165,54.0,88596.0,35.0,France,Free,58.0,0
166,40.0,60523.0,93.0,UK,Enterprise,75.0,0
167,56.0,118861.0,207.0,Canada,Free,48.0,0
168,62.0,116740.0,213.0,USA,Free,47.0,0
169,32.0,45524.0,159.0,Canada,Enterprise,30.0,1
170,60.0,49282.0,24.0,Canada,Premium,68.0,0
171,46.0,53930.0,293.0,Canada,Enterprise,61.0,0
172,53.0,30077.0,147.0,Canada,Enterprise,51.0,0
173,30.0,135881.0,220.0,UK,Enterprise,88.0,0
174,49.0,50611.0,20.0,Germany,Premium,40.0,0
175,24.0,46984.0,147.0,Canada,Free,30.0,0
176,68.0,83694.0,50.0,Canada,Enterprise,47.0,1
177,39.0,112985.0,177.0,Canada,Enterprise,47.0,0
178,45.0,114056.0,96.0,Canada,Premium,21.0,1
179,19.0,73303.0,105.0,Canada,Enterprise,3.0,0
180,59.0,89207.0,250.0,USA,Free,12.0,0
181,62.0,105046.0,117.0,USA,Premium,44.0,0
182,23.0,59287.0,228.0,UK,Free,41.0,0
183,45.0,83694.0,66.0,USA,Free,48.0,0
184,45.0,69711.0,262.0,Canada,Premium,19.0,0
185,61.0,41954.0,295.0,Canada,Enterprise,76.0,0
186,61.0,103340.0,243.0,Canada,Free,80.0,1
187,37.0,102101.0,186.0,UK,Free,53.0,1
188,47.0,101520.0,246.0,Canada,Free,35.0,0
189,28.0,117062.0,125.0,Canada,Free,0.0,0
190,45.0,132974.0,268.0,Germany,Free,14.0,0
191,42.0,48574.0,131.0,Germany,Premium,76.0,0
192,56.0,39184.0,237.0,France,Free,16.0,0
193,50.0,49096.0,18.0,USA,Enterprise,23.0,0
194,18.0,97728.0,40.0,Canada,Free,57.0,0
195,44.0,64016.0,21.0,Germany,Enterprise,71.0,0
196,69.0,83694.0,225.0,USA,Free,22.0,1
197,30.0,75558.0,282.0,Germany,Free,45.0,0
198,58.0,83694.0,8.0,Canada,Free,71.0,1
199,20.0,48381.0,100.0,Germany,Enterprise,47.0,0
200,56.0,66455.0,240.0,France,Free,58.0,0
201,23.0,83694.0,87.0,France,Free,89.0,0
202,25.0,34018.0,147.0,Germany,Enterprise,58.0,0
203,44.0,41302.0,14.0,USA,Premium,47.0,0
204,26.0,97506.0,2.0,USA,Enterprise,38.0,0
205,54.0,71157.0,293.0,USA,Premium,27.0,0
206,50.0,84917.0,41.0,Canada,Free,47.0,0
207,68.0,122738.0,111.0,USA,Enterprise,60.0,0
208,59.0,83694.0,14.0,Canada,Enterprise,15.0,0
209,61.0,113122.0,231.0,France,Enterprise,47.0,0
210,41.0,54519.0,84.0,Canada,Premium,81.0,0
211,32.0,126809.0,130.0,USA,Premium,16.0,0
212,49.0,117487.0,231.0,Canada,Free,29.0,0
213,49.0,86819.0,145.0,USA,Premium,12.0,1
214,41.0,110910.0,28.0,Germany,Premium,81.0,0
215,58.0,101324.0,66.0,Canada,Free,12.0,1
216,69.0,83694.0,163.0,Germany,Enterprise,47.0,0
217,66.0,89379.0,229.0,Germany,Enterprise,84.0,0
218,66.0,55053.0,261.0,UK,Free,20.0,0
219,69.0,39446.0,164.0,USA,Enterprise,47.0,0
220,29.0,30922.0,287.0,France,Free,80.0,0
221,56.0,83694.0,10.0,USA,Free,39.0,1
222,19.0,81356.0,147.0,France,Free,82.0,0
223,20.0,40789.0,118.0,USA,Free,14.0,0
224,66.0,127720.0,270.0,Germany,Enterprise,47.0,0
225,54.0,96656.0,80.0,Canada,Free,51.0,1
226,66.0,83694.0,93.0,Canada,Free,73.0,0
227,34.0,94484.0,266.0,UK,Free,47.0,0
228,66.0,62154.0,257.0,France,Enterprise,86.0,0
229,19.0,112870.0,147.0,France,Premium,51.0,1
230,19.0,32336.0,276.0,France,Free,47.0,1
231,45.0,83694.0,264.0,Germany,Free,32.0,0
232,40.0,97779.0,171.0,France,Enterprise,56.0,1
233,54.0,49029.0,147.0,Canada,Enterprise,51.0,1
234,49.0,89201.0,147.0,Germany,Enterprise,8.0,0
235,50.0,62265.0,284.0,USA,Enterprise,53.0,0
236,18.0,132916.0,121.0,France,Premium,0.0,0
237,36.0,83694.0,107.0,France,Free,43.0,1
238,19.0,83694.0,175.0,USA,Enterprise,74.0,0
239,61.0,73872.0,204.0,France,Enterprise,47.0,1
240,43.0,76197.0,165.0,USA,Premium,8.0,0
241,49.0,85180.0,120.0,Germany,Premium,31.0,1
242,23.0,53710.0,44.0,Canada,Enterprise,47.0,0
243,49.0,59486.0,156.0,Canada,Free,11.0,0
244,21.0,101907.0,207.0,Canada,Free,77.0,1
245,28.0,101895.0,108.0,Canada,Enterprise,56.0,1
246,34.0,94435.0,251.0,France,Premium,7.0,1
247,55.0,70631.0,130.0,Germany,Enterprise,47.0,0
248,41.0,131532.0,293.0,Germany,Enterprise,47.0,0
249,22.0,50103.0,20.0,USA,Premium,61.0,0
250,69.0,83694.0,282.0,Canada,Enterprise,11.0,0
251,51.0,44382.0,285.0,UK,Free,64.0,0
252,23.0,114291.0,1.0,Germany,Enterprise,47.0,0
253,39.0,83694.0,147.0,France,Premium,61.0,0
254,28.0,33756.0,35.0,France,Free,10.0,1
255,65.0,50609.0,198.0,Canada,Free,42.0,0
256,33.0,144074.0,245.0,Canada,Free,16.0,0
257,50.0,46478.0,59.0,USA,Free,31.0,0
258,26.0,83694.0,161.0,France,Enterprise,84.0,0
259,23.0,69666.0,179.0,Canada,Free,84.0,0
260,33.0,105683.0,206.0,Germany,Enterprise,39.0,1
261,46.0,83694.0,12.0,Canada,Free,22.0,1
262,20.0,130420.0,276.0,Germany,Premium,55.0,1
263,37.0,101315.0,147.0,Canada,Free,5.0,1
264,53.0,107834.0,242.0,Germany,Free,85.0,0
265,36.0,44153.0,216.0,Canada,Free,49.0,0
266,43.0,139415.0,251.0,Canada,Premium,36.0,0
267,20.0,106325.0,299.0,Germany,Free,63.0,0
268,36.0,139701.0,126.0,UK,Premium,53.0,0
269,37.0,42999.0,217.0,UK,Enterprise,71.0,0
270,49.0,85318.0,285.0,Canada,Free,48.0,0
271,24.0,30814.0,185.0,USA,Premium,10.0,0
272,69.0,145033.0,147.0,USA,Premium,47.0,0
273,58.0,106077.0,147.0,USA,Free,48.0,0
274,50.0,83694.0,184.0,UK,Enterprise,20.0,0
275,57.0,83694.0,178.0,USA,Premium,47.0,0
276,56.0,105993.0,294.0,France,Free,62.0,0
277,35.0,105916.0,151.0,Germany,Free,82.0,1
278,57.0,103319.0,126.0,UK,Premium,27.0,0
279,18.0,83694.0,234.0,Canada,Premium,16.0,0
280,28.0,47368.0,8.0,Canada,Enterprise,5.0,1
281,45.0,45328.0,129.0,Germany,Enterprise,18.0,0
282,42.0,86942.0,264.0,UK,Free,55.0,0
283,67.0,121751.0,157.0,USA,Free,27.0,0
284,40.0,83694.0,147.0,USA,Premium,65.0,0
285,48.0,57306.0,86.0,France,Enterprise,37.0,1
286,47.0,115451.0,175.0,France,Enterprise,36.0,1
287,59.0,69915.0,290.0,USA,Enterprise,67.0,0
288,52.0,67219.0,193.0,Canada,Premium,85.0,0
289,24.0,110879.0,119.0,Canada,Enterprise,47.0,0
290,33.0,141939.0,218.0,France,Free,48.0,0
291,43.0,94644.0,114.0,Canada,Free,47.0,0
292,65.0,83694.0,145.0,USA,Free,35.0,0
293,69.0,83694.0,26.0,France,Free,57.0,0
294,66.0,83694.0,136.0,France,Premium,12.0,0
295,19.0,30126.0,232.0,USA,Enterprise,51.0,0
296,18.0,82329.0,76.0,USA,Premium,57.0,0
297,65.0,83694.0,289.0,Canada,Free,31.0,0
298,29.0,137099.0,1.0,Germany,Free,80.0,1
299,22.0,95310.0,147.0,Germany,Premium,59.0,0
300,54.0,83694.0,287.0,USA,Premium,82.0,0
301,49.0,85176.0,142.0,Canada,Free,57.0,1
302,26.0,149797.0,53.0,France,Premium,55.0,0
303,58.0,116066.0,69.0,France,Free,27.0,0
304,52.0,83694.0,90.0,USA,Free,0.0,0
305,36.0,74327.0,220.0,UK,Premium,47.0,0
306,65.0,98904.0,192.0,Canada,Premium,81.0,0
307,33.0,33797.0,63.0,Canada,Free,47.0,0
308,20.0,77882.0,73.0,USA,Premium,39.0,0
309,37.0,43718.0,161.0,France,Free,47.0,1
310,41.0,64560.0,169.0,USA,Free,47.0,0
311,50.0,106589.0,89.0,USA,Premium,71.0,0
312,41.0,52116.0,176.0,USA,Premium,87.0,1
313,69.0,83694.0,147.0,France,Free,47.0,0
314,28.0,83694.0,73.0,Canada,Free,3.0,1
315,66.0,31645.0,245.0,Canada,Enterprise,37.0,0
316,25.0,77523.0,77.0,USA,Free,26.0,1
317,53.0,147718.0,159.0,France,Enterprise,8.0,0
318,55.0,49256.0,98.0,Canada,Enterprise,15.0,1
319,57.0,83694.0,102.0,Canada,Enterprise,55.0,1
320,37.0,83694.0,132.0,Canada,Premium,75.0,0
321,52.0,83173.0,102.0,France,Premium,47.0,0
322,65.0,67430.0,19.0,France,Free,87.0,0
323,42.0,69282.0,82.0,USA,Enterprise,13.0,0
324,52.0,83694.0,279.0,Germany,Premium,24.0,0
325,42.0,93374.0,129.0,Canada,Premium,33.0,0
326,46.0,98244.0,89.0,Germany,Premium,66.0,0
327,35.0,41694.0,213.0,France,Premium,23.0,0
328,63.0,86264.0,143.0,France,Premium,72.0,0
329,35.0,105060.0,65.0,France,Enterprise,25.0,0
330,19.0,127416.0,76.0,Germany,Enterprise,19.0,0
331,52.0,87545.0,199.0,France,Enterprise,63.0,0
332,33.0,83694.0,143.0,USA,Enterprise,9.0,0
333,58.0,69224.0,93.0,France,Free,82.0,0
334,53.0,83694.0,224.0,UK,Enterprise,66.0,0
335,50.0,127945.0,291.0,Germany,Premium,23.0,0
336,21.0,43224.0,102.0,UK,Enterprise,4.0,0
337,50.0,70738.0,267.0,France,Free,66.0,1
338,31.0,55150.0,110.0,USA,Premium,57.0,0
339,38.0,93731.0,265.0,Canada,Enterprise,26.0,0
340,65.0,79688.0,3.0,France,Enterprise,79.0,0
341,37.0,83694.0,85.0,USA,Enterprise,14.0,1
342,25.0,83694.0,282.0,Germany,Premium,34.0,1
343,24.0,103509.0,147.0,UK,Premium,75.0,0
344,20.0,38577.0,221.0,UK,Free,52.0,0
345,34.0,38070.0,154.0,UK,Premium,43.0,1
346,50.0,38666.0,153.0,Germany,Premium,25.0,0
347,65.0,87761.0,12.0,USA,Enterprise,47.0,0
348,29.0,66368.0,133.0,Germany,Free,33.0,0
349,68.0,36783.0,293.0,UK,Enterprise,86.0,0
350,39.0,141530.0,228.0,France,Enterprise,49.0,1
351,39.0,71914.0,271.0,Canada,Premium,83.0,1
352,63.0,100507.0,43.0,Germany,Free,47.0,1
353,47.0,109026.0,21.0,Germany,Free,86.0,0
354,55.0,145893.0,107.0,USA,Premium,3.0,1
355,55.0,141255.0,117.0,Canada,Free,86.0,0
356,62.0,140616.0,124.0,Germany,Enterprise,47.0,0
357,68.0,97526.0,281.0,UK,Enterprise,54.0,1
358,25.0,100835.0,292.0,Canada,Premium,0.0,0
359,44.0,75765.0,203.0,USA,Free,88.0,0
360,44.0,49956.0,51.0,UK,Free,65.0,0
361,51.0,117895.0,271.0,France,Enterprise,29.0,1
362,38.0,76240.0,277.0,USA,Premium,2.0,0
363,47.0,67148.0,141.0,UK,Free,47.0,0
364,50.0,83694.0,275.0,UK,Premium,88.0,0
365,45.0,34757.0,290.0,Canada,Free,83.0,1
366,64.0,83694.0,52.0,Canada,Enterprise,47.0,1
367,50.0,40395.0,27.0,France,Free,85.0,0
368,22.0,46241.0,157.0,UK,Premium,84.0,0
369,65.0,133892.0,239.0,UK,Enterprise,47.0,0
370,36.0,57696.0,156.0,Canada,Free,37.0,1
371,21.0,145654.0,291.0,USA,Enterprise,14.0,0
372,52.0,100480.0,136.0,USA,Free,51.0,1
373,66.0,76163.0,144.0,Germany,Premium,78.0,0
374,34.0,49816.0,106.0,Canada,Premium,45.0,1
375,61.0,79840.0,158.0,Germany,Free,47.0,1
376,45.0,83694.0,146.0,Canada,Free,20.0,0
377,47.0,82853.0,2.0,France,Free,87.0,1
378,46.0,54917.0,77.0,UK,Free,47.0,0
379,63.0,83694.0,132.0,France,Free,69.0,0
380,23.0,51566.0,90.0,Canada,Enterprise,46.0,0
381,52.0,105452.0,263.0,UK,Free,86.0,1
382,58.0,92823.0,108.0,USA,Free,67.0,0
383,54.0,50806.0,74.0,USA,Enterprise,17.0,0
384,41.0,105520.0,39.0,Germany,Free,47.0,0
385,46.0,31759.0,159.0,Canada,Premium,85.0,0
386,66.0,71949.0,71.0,Canada,Free,22.0,0
387,63.0,122374.0,241.0,USA,Free,63.0,0
388,48.0,32482.0,298.0,France,Premium,47.0,1
389,52.0,54442.0,36.0,UK,Premium,47.0,0
390,50.0,63719.0,84.0,France,Premium,9.0,0
391,69.0,88066.0,263.0,France,Premium,88.0,0
392,38.0,123501.0,172.0,USA,Free,51.0,0
393,49.0,32079.0,173.0,USA,Premium,71.0,1
394,40.0,32717.0,47.0,USA,Premium,74.0,1
395,50.0,89676.0,141.0,Germany,Enterprise,60.0,0
396,20.0,57952.0,118.0,France,Premium,63.0,1
397,35.0,116444.0,277.0,Canada,Premium,4.0,1
398,42.0,72460.0,214.0,UK,Enterprise,52.0,1
399,59.0,83694.0,220.0,Canada,Enterprise,54.0,0
400,48.0,102847.0,26.0,Canada,Free,36.0,1
401,20.0,123607.0,147.0,France,Enterprise,55.0,0
402,57.0,119106.0,271.0,USA,Free,58.0,0
403,63.0,83694.0,10.0,France,Enterprise,68.0,0
404,41.0,63536.0,121.0,UK,Enterprise,72.0,0
405,67.0,83694.0,125.0,Germany,Free,58.0,0
406,49.0,68258.0,170.0,Germany,Enterprise,47.0,0
407,64.0,83694.0,72.0,UK,Free,64.0,0
408,39.0,58865.0,152.0,Canada,Enterprise,47.0,1
409,40.0,36645.0,208.0,Canada,Premium,50.0,1
410,19.0,83694.0,147.0,Germany,Enterprise,29.0,0
411,44.0,68000.0,154.0,Germany,Free,10.0,1
412,59.0,83694.0,293.0,USA,Enterprise,75.0,1
413,19.0,41485.0,68.0,Canada,Free,38.0,1
414,43.0,68565.0,50.0,UK,Free,89.0,0
415,34.0,55522.0,152.0,Canada,Premium,76.0,0
416,57.0,83694.0,19.0,USA,Free,71.0,1
417,50.0,95155.0,100.0,Germany,Free,62.0,0
418,26.0,85168.0,60.0,Germany,Enterprise,63.0,0
419,60.0,82487.0,167.0,USA,Free,60.0,0
420,65.0,42342.0,202.0,UK,Free,53.0,0
421,56.0,70806.0,146.0,Germany,Enterprise,72.0,0
422,46.0,78770.0,164.0,France,Enterprise,47.0,0
423,59.0,83694.0,242.0,Germany,Free,84.0,0
424,43.0,83694.0,69.0,France,Enterprise,55.0,1
425,52.0,129785.0,175.0,Canada,Free,33.0,1
426,67.0,105629.0,49.0,USA,Free,47.0,0
427,42.0,82603.0,108.0,Germany,Premium,51.0,1
428,41.0,142726.0,226.0,Canada,Free,88.0,0
429,30.0,111974.0,161.0,France,Free,75.0,0
430,24.0,135947.0,119.0,UK,Premium,0.0,1
431,53.0,56399.0,147.0,Germany,Enterprise,54.0,1
432,62.0,83694.0,150.0,UK,Free,21.0,1
433,37.0,111244.0,293.0,Canada,Premium,39.0,0
434,18.0,83694.0,143.0,Canada,Enterprise,0.0,1
435,25.0,145520.0,160.0,Canada,Premium,64.0,0
436,63.0,140904.0,11.0,Canada,Premium,62.0,1
437,33.0,106534.0,138.0,Canada,Free,53.0,1
438,31.0,85106.0,78.0,USA,Free,41.0,0
439,29.0,142599.0,77.0,USA,Premium,20.0,0
440,68.0,60678.0,254.0,France,Premium,78.0,1
441,40.0,106218.0,258.0,UK,Free,80.0,0
442,32.0,93230.0,291.0,Canada,Premium,47.0,0
443,45.0,83694.0,263.0,Germany,Premium,37.0,1
444,51.0,104055.0,85.0,USA,Premium,79.0,0
445,19.0,86373.0,146.0,Germany,Enterprise,7.0,1
446,49.0,61480.0,42.0,USA,Enterprise,47.0,0
447,40.0,115230.0,125.0,France,Enterprise,46.0,0
448,39.0,98836.0,167.0,UK,Free,16.0,1
449,68.0,83694.0,241.0,France,Free,16.0,0
450,42.0,69986.0,280.0,Canada,Premium,89.0,0
451,39.0,54160.0,188.0,Canada,Enterprise,12.0,1
452,39.0,115595.0,19.0,Canada,Premium,16.0,0
453,66.0,131358.0,68.0,Canada,Premium,47.0,0
454,69.0,83694.0,218.0,Germany,Free,80.0,0
455,59.0,83694.0,147.0,UK,Enterprise,77.0,1
456,23.0,103506.0,42.0,Canada,Free,44.0,1
457,32.0,64911.0,288.0,Canada,Premium,5.0,1
458,60.0,83694.0,167.0,Canada,Enterprise,34.0,0
459,54.0,61821.0,109.0,UK,Premium,13.0,1
460,50.0,105039.0,36.0,Canada,Premium,71.0,0
461,25.0,90535.0,232.0,UK,Free,60.0,0
462,61.0,83694.0,229.0,Canada,Free,47.0,0
463,61.0,114458.0,164.0,France,Free,53.0,1
464,22.0,42175.0,73.0,France,Premium,26.0,1
465,56.0,83694.0,136.0,UK,Enterprise,12.0,0
466,21.0,84771.0,70.0,France,Free,30.0,0
467,23.0,136660.0,196.0,Canada,Enterprise,34.0,1
468,62.0,116925.0,269.0,France,Free,59.0,0
469,49.0,143374.0,49.0,Canada,Free,5.0,1
470,69.0,96358.0,130.0,UK,Premium,68.0,0
471,47.0,47327.0,5.0,Germany,Free,85.0,0
472,64.0,83694.0,27.0,France,Free,57.0,0
473,52.0,36150.0,160.0,Canada,Premium,48.0,0
474,57.0,34425.0,149.0,Germany,Enterprise,22.0,1
475,69.0,83694.0,264.0,UK,Free,88.0,0
476,33.0,32198.0,230.0,Canada,Premium,33.0,1
477,30.0,90500.0,200.0,USA,Free,25.0,0
478,67.0,83694.0,50.0,USA,Premium,46.0,0
479,59.0,83694.0,67.0,France,Enterprise,4.0,0
480,47.0,66220.0,58.0,France,Enterprise,89.0,0
481,36.0,71874.0,259.0,Canada,Premium,19.0,1
482,34.0,43859.0,147.0,Germany,Premium,47.0,0
483,36.0,80460.0,215.0,USA,Premium,69.0,0
484,45.0,61419.0,172.0,Canada,Enterprise,58.0,0
485,43.0,148865.0,258.0,Germany,Free,63.0,0
486,54.0,38705.0,102.0,France,Enterprise,17.0,0
487,43.0,72880.0,209.0,Canada,Premium,3.0,1
488,40.0,53236.0,291.0,Canada,Premium,16.0,0
489,26.0,117955.0,286.0,USA,Enterprise,13.0,0
490,29.0,115514.0,116.0,Canada,Premium,47.0,0
491,18.0,133145.0,264.0,Canada,Enterprise,12.0,1
492,18.0,45358.0,150.0,France,Premium,6.0,0
493,64.0,129713.0,36.0,France,Free,43.0,0
494,51.0,83694.0,287.0,Canada,Free,14.0,0
495,49.0,83694.0,208.0,Canada,Premium,18.0,0
496,65.0,106918.0,106.0,Canada,Enterprise,47.0,0
497,42.0,149179.0,158.0,UK,Free,34.0,0
498,57.0,146243.0,121.0,UK,Free,80.0,1
499,62.0,44596.0,55.0,France,Premium,34.0,0
500,18.0,63572.0,12.0,Canada,Enterprise,47.0,1
501,33.0,108757.0,145.0,UK,Free,19.0,0
502,56.0,31279.0,136.0,USA,Free,34.0,0
503,22.0,93197.0,3.0,France,Enterprise,31.0,0
504,39.0,141496.0,144.0,Germany,Premium,47.0,0
505,46.0,92516.0,30.0,France,Premium,47.0,1
506,20.0,37083.0,237.0,Germany,Premium,23.0,0
507,29.0,139397.0,279.0,Canada,Free,60.0,0
508,43.0,47771.0,115.0,Germany,Free,16.0,0
509,33.0,59975.0,104.0,Canada,Premium,70.0,1
510,68.0,75648.0,118.0,USA,Premium,49.0,0
511,54.0,78285.0,5.0,Germany,Free,64.0,1
512,39.0,49063.0,147.0,France,Free,31.0,0
513,46.0,97642.0,121.0,Canada,Free,35.0,0
514,31.0,120093.0,286.0,France,Free,12.0,0
515,45.0,144390.0,149.0,UK,Premium,69.0,0
516,22.0,116143.0,84.0,Canada,Free,57.0,0
517,64.0,67599.0,231.0,Germany,Free,13.0,0
518,66.0,83694.0,288.0,Canada,Enterprise,36.0,1
519,47.0,58529.0,161.0,France,Enterprise,78.0,1
520,63.0,65954.0,272.0,USA,Free,67.0,1
521,69.0,57856.0,38.0,Canada,Enterprise,39.0,0
522,22.0,32573.0,226.0,Germany,Enterprise,58.0,0
523,29.0,108344.0,142.0,UK,Enterprise,79.0,0
524,33.0,65367.0,292.0,USA,Free,15.0,1
525,43.0,132337.0,151.0,Canada,Free,61.0,1
526,43.0,136732.0,114.0,Canada,Free,3.0,0
527,65.0,129608.0,237.0,France,Premium,44.0,0
528,38.0,90774.0,66.0,France,Enterprise,89.0,0
529,56.0,83694.0,258.0,Germany,Free,27.0,0
530,53.0,85029.0,249.0,France,Free,65.0,0
531,50.0,47685.0,180.0,USA,Free,30.0,0
532,47.0,81693.0,190.0,France,Enterprise,2.0,1
533,54.0,146739.0,154.0,Canada,Free,7.0,0
534,40.0,85961.0,196.0,Canada,Free,23.0,0
535,27.0,136937.0,262.0,Canada,Free,47.0,1
536,22.0,106908.0,143.0,France,Enterprise,42.0,0
537,53.0,104532.0,101.0,UK,Premium,30.0,0
538,51.0,111994.0,244.0,Canada,Enterprise,72.0,0
539,69.0,86133.0,12.0,France,Free,44.0,0
540,48.0,127425.0,239.0,Canada,Premium,65.0,0
541,27.0,91268.0,49.0,Canada,Premium,7.0,1
542,36.0,83694.0,42.0,Canada,Free,70.0,0
543,49.0,68243.0,166.0,Germany,Free,56.0,0
544,18.0,87384.0,82.0,France,Free,79.0,0
545,22.0,61653.0,291.0,USA,Enterprise,47.0,0
546,62.0,56657.0,158.0,Germany,Free,47.0,1
547,21.0,69952.0,216.0,USA,Free,17.0,1
548,33.0,52180.0,158.0,UK,Free,68.0,0
549,41.0,127432.0,134.0,Germany,Free,38.0,1
550,33.0,108411.0,67.0,USA,Free,59.0,0
551,19.0,31622.0,7.0,Canada,Premium,42.0,1
552,66.0,78756.0,14.0,Canada,Enterprise,44.0,0
553,45.0,70809.0,73.0,UK,Free,22.0,1
554,49.0,46725.0,163.0,Germany,Free,47.0,1
555,44.0,91396.0,66.0,Germany,Enterprise,5.0,0
556,37.0,81226.0,130.0,Germany,Free,55.0,0
557,41.0,83694.0,206.0,UK,Free,47.0,1
558,29.0,111182.0,276.0,Germany,Premium,22.0,1
559,67.0,112565.0,256.0,Canada,Free,5.0,0
560,52.0,59402.0,266.0,USA,Premium,31.0,1
561,50.0,34263.0,25.0,Canada,Enterprise,17.0,0
562,50.0,83694.0,281.0,Canada,Free,14.0,0
563,68.0,76828.0,253.0,USA,Enterprise,39.0,0
564,60.0,83694.0,289.0,Canada,Enterprise,72.0,0
565,54.0,104182.0,164.0,UK,Premium,73.0,1
566,29.0,83694.0,95.0,USA,Free,83.0,0
567,20.0,89052.0,270.0,Canada,Enterprise,5.0,1
568,18.0,41664.0,110.0,France,Premium,62.0,0
569,50.0,65737.0,147.0,Canada,Free,66.0,0
570,57.0,83694.0,25.0,UK,Free,10.0,0
571,27.0,119563.0,141.0,Germany,Enterprise,42.0,0
572,60.0,83694.0,117.0,Canada,Free,16.0,0
573,61.0,147369.0,25.0,Germany,Enterprise,47.0,0
574,46.0,66397.0,79.0,France,Free,62.0,0
575,30.0,116145.0,68.0,Canada,Premium,67.0,0
576,29.0,131371.0,173.0,USA,Enterprise,47.0,0
577,48.0,68709.0,12.0,Germany,Enterprise,40.0,0
578,63.0,83694.0,288.0,France,Free,82.0,1
579,19.0,91120.0,128.0,USA,Free,4.0,1
580,68.0,49250.0,96.0,USA,Enterprise,31.0,0
581,67.0,51172.0,92.0,USA,Free,85.0,0
582,52.0,41555.0,141.0,USA,Premium,69.0,0
583,40.0,117410.0,31.0,Canada,Free,34.0,1
584,34.0,108617.0,20.0,Canada,Premium,21.0,0
585,43.0,83276.0,146.0,Canada,Premium,64.0,0
586,25.0,87492.0,160.0,France,Premium,83.0,0
587,46.0,83002.0,147.0,France,Premium,21.0,0
588,43.0,119599.0,254.0,France,Free,10.0,0
589,27.0,102355.0,130.0,UK,Free,47.0,1
590,43.0,121248.0,60.0,France,Premium,2.0,0
591,51.0,54762.0,151.0,Canada,Free,47.0,0
592,68.0,41046.0,287.0,Canada,Premium,59.0,0
593,58.0,83694.0,5.0,UK,Enterprise,75.0,0
594,24.0,146021.0,266.0,UK,Premium,47.0,1
595,21.0,58769.0,130.0,France,Free,13.0,0
596,67.0,83302.0,147.0,Germany,Premium,17.0,1
597,62.0,53150.0,178.0,Canada,Premium,72.0,0
598,28.0,98247.0,253.0,USA,Premium,22.0,0
599,46.0,34853.0,56.0,Canada,Enterprise,73.0,1
600,53.0,124613.0,83.0,USA,Enterprise,47.0,0
601,42.0,119399.0,99.0,Canada,Premium,46.0,1
602,38.0,51792.0,149.0,Canada,Free,68.0,0
603,53.0,89129.0,156.0,UK,Premium,46.0,1
604,27.0,136019.0,190.0,UK,Enterprise,47.0,0
605,54.0,104478.0,263.0,Canada,Premium,29.0,0
606,26.0,143811.0,80.0,Canada,Enterprise,24.0,1
607,41.0,83694.0,252.0,USA,Free,27.0,1
608,52.0,97298.0,97.0,Germany,Enterprise,24.0,1
609,66.0,61987.0,260.0,USA,Premium,73.0,1
610,52.0,45850.0,260.0,France,Enterprise,77.0,1
611,65.0,42112.0,103.0,USA,Enterprise,57.0,0
612,53.0,54058.0,40.0,France,Premium,40.0,0
613,35.0,75420.0,273.0,France,Free,24.0,0
614,66.0,68890.0,147.0,France,Premium,77.0,0
615,56.0,96017.0,221.0,Canada,Enterprise,47.0,0
616,49.0,77304.0,124.0,USA,Free,47.0,0
617,41.0,62921.0,231.0,USA,Free,74.0,0
618,40.0,83694.0,178.0,Germany,Enterprise,10.0,0
619,49.0,31524.0,63.0,Canada,Free,84.0,0
620,54.0,130424.0,116.0,UK,Premium,47.0,0
621,29.0,45048.0,191.0,USA,Free,85.0,0
622,66.0,65111.0,62.0,UK,Enterprise,44.0,1
623,30.0,67904.0,256.0,Germany,Enterprise,6.0,1
624,40.0,84912.0,147.0,Canada,Premium,80.0,0
625,42.0,64008.0,155.0,Canada,Enterprise,63.0,0
626,52.0,30060.0,92.0,Canada,Premium,47.0,0
627,58.0,104666.0,14.0,Germany,Free,1.0,0
628,47.0,113559.0,229.0,Canada,Free,75.0,0
629,34.0,85337.0,86.0,France,Premium,41.0,0
630,66.0,140616.0,133.0,UK,Premium,81.0,0
631,37.0,43350.0,183.0,France,Enterprise,53.0,0
632,65.0,54354.0,62.0,France,Free,74.0,1
633,42.0,75186.0,219.0,Canada,Premium,15.0,1
634,39.0,58145.0,246.0,Canada,Free,17.0,0
635,30.0,64020.0,230.0,UK,Premium,58.0,0
636,36.0,116123.0,79.0,Canada,Free,47.0,0
637,66.0,136667.0,147.0,UK,Enterprise,15.0,0
638,53.0,105186.0,138.0,UK,Free,5.0,1
639,29.0,115469.0,65.0,Germany,Free,56.0,0
640,58.0,50581.0,13.0,Germany,Free,46.0,1
641,36.0,118929.0,213.0,UK,Free,47.0,0
642,29.0,53051.0,242.0,Canada,Free,41.0,1
643,26.0,81474.0,213.0,UK,Enterprise,75.0,0
644,24.0,121748.0,181.0,France,Premium,59.0,1
645,45.0,144618.0,173.0,Germany,Free,76.0,0
646,31.0,99626.0,147.0,UK,Enterprise,3.0,0
647,48.0,36960.0,164.0,Canada,Free,1.0,0
648,69.0,83694.0,188.0,Canada,Free,89.0,0
649,36.0,51520.0,191.0,France,Premium,58.0,1
650,64.0,79481.0,256.0,France,Free,47.0,1
651,33.0,66408.0,183.0,USA,Enterprise,47.0,1
652,22.0,83694.0,117.0,USA,Enterprise,78.0,0
653,52.0,87134.0,282.0,USA,Premium,71.0,1
654,29.0,50491.0,196.0,France,Free,6.0,0
655,42.0,31341.0,34.0,France,Enterprise,62.0,0
656,69.0,74623.0,52.0,France,Free,45.0,0
657,38.0,120327.0,112.0,Canada,Free,62.0,0
658,53.0,30338.0,252.0,France,Free,11.0,0
659,40.0,101431.0,82.0,Canada,Premium,12.0,0
660,33.0,42254.0,232.0,USA,Free,47.0,0
661,56.0,81860.0,147.0,USA,Enterprise,16.0,1
662,62.0,41344.0,233.0,USA,Free,62.0,0
663,59.0,83694.0,221.0,UK,Enterprise,80.0,0
664,56.0,83694.0,42.0,UK,Free,35.0,0
665,31.0,97957.0,21.0,Germany,Enterprise,84.0,0
666,48.0,135423.0,42.0,Germany,Enterprise,7.0,0
667,22.0,88053.0,113.0,Germany,Free,68.0,0
668,52.0,100855.0,105.0,UK,Free,89.0,0
669,40.0,45896.0,147.0,Canada,Enterprise,79.0,0
670,46.0,85761.0,17.0,Germany,Premium,35.0,0
671,60.0,92552.0,120.0,Germany,Free,27.0,1
672,28.0,107454.0,129.0,France,Premium,46.0,0
673,35.0,148681.0,130.0,Germany,Free,75.0,0
674,64.0,83694.0,60.0,France,Free,29.0,1
675,29.0,83694.0,48.0,Canada,Free,22.0,0
676,26.0,57935.0,29.0,Canada,Free,15.0,0
677,27.0,67641.0,97.0,Germany,Premium,13.0,1
678,61.0,83694.0,10.0,UK,Free,73.0,0
679,34.0,100342.0,242.0,UK,Enterprise,70.0,0
680,55.0,136896.0,232.0,Canada,Enterprise,51.0,0
681,24.0,42182.0,277.0,Canada,Premium,47.0,0
682,63.0,117833.0,284.0,USA,Free,28.0,0
683,30.0,86276.0,203.0,Germany,Enterprise,66.0,0
684,57.0,49541.0,247.0,USA,Free,14.0,0
685,59.0,124457.0,290.0,USA,Free,46.0,0
686,26.0,112310.0,264.0,USA,Enterprise,45.0,0
687,67.0,83694.0,214.0,UK,Enterprise,51.0,0
688,44.0,67198.0,200.0,France,Premium,18.0,0
689,19.0,38820.0,79.0,UK,Free,76.0,0
690,22.0,54070.0,173.0,UK,Free,20.0,0
691,46.0,99768.0,69.0,USA,Enterprise,63.0,1
692,54.0,41122.0,87.0,UK,Enterprise,47.0,0
693,55.0,110559.0,101.0,USA,Enterprise,47.0,0
694,36.0,103543.0,8.0,Canada,Free,54.0,0
695,25.0,113441.0,200.0,Canada,Premium,28.0,0
696,65.0,83694.0,87.0,USA,Premium,19.0,1
697,62.0,83694.0,43.0,France,Free,24.0,0
698,18.0,129804.0,109.0,Germany,Premium,69.0,1
699,39.0,36737.0,152.0,Canada,Enterprise,62.0,0
700,69.0,83694.0,17.0,USA,Premium,35.0,1
701,34.0,84237.0,133.0,USA,Premium,1.0,0
702,24.0,81571.0,148.0,Canada,Premium,21.0,1
703,42.0,55510.0,277.0,Canada,Enterprise,15.0,0
704,62.0,49426.0,232.0,USA,Free,17.0,0
705,21.0,67265.0,228.0,Canada,Enterprise,68.0,0
706,53.0,47850.0,139.0,Canada,Free,53.0,0
707,23.0,148249.0,211.0,Germany,Free,29.0,1
708,48.0,96150.0,28.0,Germany,Free,44.0,0
709,36.0,117312.0,51.0,Germany,Premium,18.0,0
710,61.0,119613.0,261.0,UK,Premium,86.0,1
711,56.0,83694.0,261.0,Canada,Free,33.0,0
712,44.0,82375.0,8.0,France,Free,12.0,1
713,27.0,65435.0,138.0,Canada,Premium,42.0,1
714,43.0,83694.0,38.0,USA,Enterprise,61.0,0
715,36.0,87132.0,111.0,Germany,Free,21.0,1
716,56.0,108945.0,147.0,Canada,Free,51.0,0
717,20.0,112050.0,223.0,Canada,Premium,51.0,0
718,62.0,83694.0,136.0,USA,Free,35.0,0
719,30.0,32983.0,256.0,UK,Enterprise,72.0,0
720,67.0,83694.0,49.0,UK,Free,18.0,1
721,45.0,50662.0,292.0,Canada,Enterprise,37.0,1
722,37.0,53510.0,78.0,USA,Premium,69.0,0
723,45.0,108187.0,105.0,Germany,Premium,78.0,0
724,25.0,70998.0,169.0,Canada,Enterprise,47.0,1
725,58.0,83694.0,217.0,USA,Free,47.0,0
726,56.0,124071.0,147.0,UK,Premium,8.0,0
727,18.0,36640.0,190.0,France,Enterprise,31.0,0
728,20.0,74547.0,255.0,Canada,Free,3.0,1
729,30.0,84620.0,266.0,Canada,Premium,49.0,0
730,45.0,45317.0,149.0,France,Enterprise,81.0,1
731,66.0,83694.0,164.0,France,Enterprise,4.0,1
732,42.0,37564.0,147.0,USA,Enterprise,19.0,0
733,50.0,57345.0,258.0,Germany,Free,86.0,0
734,55.0,83694.0,269.0,Canada,Enterprise,74.0,1
735,23.0,124223.0,181.0,USA,Premium,36.0,0
736,61.0,109273.0,160.0,Germany,Premium,21.0,1
737,62.0,104859.0,288.0,USA,Free,57.0,1
738,49.0,110765.0,288.0,USA,Free,67.0,0
739,62.0,83694.0,226.0,France,Enterprise,43.0,1
740,64.0,104038.0,11.0,Canada,Premium,33.0,1
741,38.0,82393.0,10.0,Canada,Free,76.0,1
742,33.0,96081.0,271.0,Canada,Enterprise,47.0,0
743,38.0,83694.0,273.0,Germany,Free,8.0,0
744,28.0,59430.0,183.0,France,Free,6.0,0
745,54.0,105532.0,153.0,UK,Premium,67.0,0
746,53.0,57788.0,124.0,USA,Premium,18.0,0
747,52.0,83694.0,114.0,France,Free,30.0,1
748,36.0,78543.0,278.0,Germany,Free,34.0,0
749,37.0,43919.0,213.0,USA,Premium,47.0,0
750,35.0,99346.0,172.0,Canada,Enterprise,84.0,0
751,64.0,126122.0,288.0,UK,Premium,60.0,1
752,58.0,69974.0,174.0,Canada,Free,30.0,0
753,66.0,137309.0,113.0,Canada,Enterprise,82.0,0
754,31.0,46371.0,122.0,USA,Free,52.0,0
755,32.0,75084.0,32.0,Germany,Enterprise,31.0,1
756,48.0,59629.0,222.0,USA,Free,65.0,0
757,18.0,81184.0,119.0,France,Free,58.0,0
758,20.0,91916.0,39.0,UK,Enterprise,9.0,1
759,33.0,103972.0,268.0,France,Free,1.0,1
760,40.0,92187.0,147.0,France,Enterprise,65.0,1
761,28.0,42984.0,18.0,Germany,Premium,59.0,0
762,29.0,63039.0,149.0,UK,Free,87.0,0
763,27.0,115431.0,149.0,USA,Premium,47.0,1
764,49.0,113691.0,126.0,USA,Free,15.0,0
765,33.0,88606.0,238.0,Canada,Enterprise,15.0,1
766,25.0,40616.0,135.0,USA,Enterprise,45.0,0
767,55.0,132665.0,151.0,Germany,Enterprise,38.0,0
768,29.0,135373.0,236.0,Canada,Free,30.0,0
769,41.0,80072.0,147.0,France,Premium,87.0,0
770,45.0,54574.0,203.0,France,Premium,0.0,0
771,25.0,33430.0,256.0,UK,Free,47.0,0
772,45.0,83694.0,86.0,Canada,Free,84.0,1
773,53.0,42676.0,150.0,Germany,Premium,3.0,0
774,43.0,40816.0,147.0,UK,Premium,70.0,0
775,25.0,62733.0,22.0,Canada,Premium,25.0,1
776,67.0,115680.0,285.0,Germany,Premium,49.0,0
777,45.0,32050.0,269.0,Canada,Free,11.0,0
778,45.0,139996.0,258.0,Germany,Free,80.0,1
779,54.0,63933.0,29.0,France,Enterprise,74.0,0
780,58.0,83694.0,213.0,Germany,Premium,64.0,1
781,53.0,62413.0,283.0,USA,Enterprise,46.0,1
782,44.0,64801.0,50.0,Germany,Free,52.0,1
783,34.0,85619.0,95.0,France,Free,70.0,0
784,26.0,62913.0,88.0,Germany,Enterprise,1.0,0
785,50.0,83694.0,44.0,Canada,Premium,23.0,0
786,37.0,83694.0,278.0,Canada,Premium,3.0,0
787,30.0,70600.0,171.0,France,Premium,18.0,1
788,45.0,87775.0,189.0,USA,Premium,25.0,0
789,65.0,120816.0,184.0,USA,Enterprise,74.0,0
790,46.0,83694.0,3.0,UK,Enterprise,39.0,1
791,30.0,83694.0,191.0,France,Free,49.0,0
792,63.0,65400.0,118.0,Germany,Premium,42.0,0
793,52.0,34494.0,19.0,France,Premium,74.0,0
794,23.0,110688.0,23.0,UK,Premium,66.0,1
795,35.0,119431.0,30.0,France,Enterprise,11.0,0
796,68.0,83694.0,295.0,France,Premium,66.0,1
797,22.0,127419.0,108.0,UK,Enterprise,26.0,0
798,64.0,138730.0,281.0,USA,Premium,53.0,1
799,42.0,73001.0,128.0,Germany,Free,65.0,1
800,19.0,97364.0,229.0,UK,Free,48.0,0
801,27.0,75028.0,111.0,Canada,Premium,15.0,0
802,47.0,137434.0,136.0,USA,Premium,1.0,0
803,67.0,83694.0,186.0,Canada,Free,47.0,1
804,62.0,67573.0,144.0,USA,Enterprise,53.0,0
805,22.0,30806.0,72.0,Germany,Enterprise,29.0,0
806,50.0,86638.0,129.0,Germany,Premium,83.0,0
807,18.0,136506.0,261.0,France,Enterprise,37.0,0
808,35.0,59757.0,3.0,Canada,Premium,27.0,0
809,49.0,64636.0,104.0,USA,Free,24.0,0
810,64.0,110097.0,147.0,Germany,Free,9.0,0
811,66.0,78280.0,10.0,UK,Premium,59.0,1
812,28.0,54262.0,231.0,Canada,Free,41.0,0
813,38.0,110435.0,219.0,UK,Free,39.0,0
814,43.0,92211.0,66.0,USA,Free,76.0,1
815,42.0,84842.0,112.0,Canada,Premium,41.0,1
816,39.0,86979.0,13.0,Germany,Free,47.0,1
817,44.0,83694.0,86.0,USA,Enterprise,36.0,0
818,66.0,111470.0,234.0,Canada,Free,79.0,0
819,30.0,68197.0,90.0,UK,Premium,21.0,0
820,50.0,71844.0,54.0,Germany,Premium,56.0,1
821,51.0,94754.0,12.0,Canada,Enterprise,83.0,0
822,58.0,83694.0,209.0,France,Free,26.0,0
823,52.0,64157.0,14.0,UK,Enterprise,47.0,0
824,18.0,107129.0,121.0,Canada,Enterprise,79.0,0
825,38.0,70042.0,20.0,USA,Enterprise,33.0,0
826,65.0,91665.0,75.0,UK,Enterprise,31.0,0
827,23.0,83694.0,243.0,France,Premium,89.0,0
828,45.0,146953.0,223.0,France,Premium,88.0,0
829,34.0,112856.0,70.0,USA,Free,65.0,1
830,22.0,57376.0,211.0,USA,Free,11.0,1
831,48.0,139049.0,101.0,UK,Free,39.0,1
832,22.0,85554.0,186.0,Germany,Free,72.0,1
833,55.0,44199.0,132.0,USA,Enterprise,75.0,0
834,20.0,148533.0,111.0,Germany,Premium,89.0,0
835,40.0,111412.0,147.0,Canada,Premium,72.0,0
836,54.0,80948.0,20.0,France,Free,9.0,0
837,54.0,103781.0,24.0,Germany,Free,47.0,0
838,27.0,102750.0,227.0,France,Enterprise,19.0,0
839,27.0,96262.0,147.0,Germany,Enterprise,47.0,0
840,36.0,147424.0,293.0,Canada,Free,59.0,0
841,34.0,76600.0,230.0,USA,Premium,65.0,0
842,38.0,106898.0,202.0,Canada,Free,47.0,0
843,31.0,92483.0,38.0,USA,Premium,50.0,1
844,26.0,48297.0,260.0,USA,Free,35.0,0
845,63.0,83694.0,188.0,France,Premium,23.0,0
846,18.0,56172.0,57.0,Canada,Enterprise,26.0,0
847,68.0,83694.0,20.0,Germany,Enterprise,1.0,0
848,62.0,37657.0,273.0,Canada,Free,47.0,0
849,30.0,114386.0,147.0,France,Enterprise,56.0,0
850,21.0,55425.0,71.0,USA,Free,77.0,0
851,18.0,56685.0,4.0,Canada,Premium,47.0,0
852,66.0,83694.0,221.0,UK,Premium,28.0,1
853,57.0,54578.0,14.0,UK,Premium,14.0,1
854,49.0,58831.0,3.0,Germany,Enterprise,11.0,0
855,51.0,37906.0,216.0,France,Free,27.0,0
856,45.0,91413.0,229.0,Germany,Premium,83.0,1
857,48.0,84028.0,186.0,Germany,Free,23.0,0
858,25.0,37287.0,55.0,UK,Premium,47.0,0
859,56.0,63660.0,254.0,Germany,Enterprise,9.0,0
860,43.0,105758.0,24.0,UK,Enterprise,77.0,1
861,51.0,90504.0,162.0,USA,Free,17.0,0
862,20.0,89720.0,158.0,France,Enterprise,87.0,0
863,67.0,83694.0,82.0,Germany,Enterprise,13.0,1
864,29.0,64701.0,159.0,UK,Free,33.0,0
865,18.0,113300.0,188.0,Canada,Premium,57.0,0
866,61.0,140177.0,60.0,Germany,Enterprise,47.0,1
867,22.0,47674.0,211.0,USA,Free,21.0,0
868,47.0,113560.0,152.0,Canada,Enterprise,69.0,0
869,47.0,141543.0,109.0,Canada,Enterprise,35.0,0
870,34.0,53874.0,76.0,UK,Enterprise,44.0,0
871,65.0,73642.0,30.0,Germany,Enterprise,35.0,0
872,64.0,83694.0,117.0,UK,Free,47.0,0
873,40.0,95160.0,192.0,USA,Free,77.0,0
874,32.0,47602.0,19.0,UK,Free,79.0,1
875,54.0,83694.0,173.0,Canada,Enterprise,60.0,0
876,38.0,118801.0,228.0,UK,Enterprise,55.0,0
877,31.0,55931.0,183.0,Canada,Enterprise,47.0,0
878,19.0,83694.0,113.0,Canada,Free,32.0,1
879,28.0,59192.0,183.0,Canada,Enterprise,47.0,0
880,68.0,83694.0,146.0,Canada,Premium,47.0,0
881,56.0,72520.0,116.0,France,Enterprise,19.0,0
882,55.0,94772.0,113.0,France,Premium,17.0,0
883,51.0,88762.0,251.0,Germany,Enterprise,37.0,0
884,55.0,80106.0,251.0,Germany,Free,66.0,1
885,67.0,111121.0,118.0,Canada,Enterprise,22.0,0
886,51.0,55559.0,161.0,Canada,Premium,15.0,0
887,35.0,135595.0,198.0,USA,Premium,58.0,0
888,47.0,63742.0,260.0,USA,Enterprise,68.0,1
889,32.0,99669.0,148.0,Germany,Premium,47.0,0
890,44.0,110199.0,240.0,Germany,Premium,20.0,0
891,68.0,51754.0,47.0,USA,Free,77.0,0
892,51.0,33972.0,198.0,USA,Enterprise,77.0,0
893,69.0,83694.0,47.0,UK,Enterprise,69.0,0
894,55.0,83694.0,147.0,UK,Enterprise,47.0,0
895,50.0,71873.0,124.0,USA,Premium,15.0,0
896,41.0,124661.0,75.0,UK,Enterprise,80.0,0
897,32.0,83694.0,137.0,Canada,Free,86.0,0
898,47.0,39903.0,90.0,Germany,Free,13.0,0
899,59.0,83694.0,61.0,Canada,Free,60.0,0
900,68.0,71755.0,138.0,USA,Free,70.0,1
901,34.0,115956.0,50.0,Canada,Free,45.0,1
902,22.0,116988.0,259.0,USA,Enterprise,31.0,1
903,46.0,75648.0,107.0,UK,Free,14.0,1
904,21.0,83694.0,113.0,Canada,Free,47.0,0
905,27.0,39516.0,254.0,UK,Free,16.0,1
906,34.0,142863.0,118.0,France,Enterprise,40.0,0
907,27.0,83694.0,198.0,UK,Enterprise,53.0,0
908,34.0,32396.0,51.0,France,Enterprise,47.0,0
909,37.0,114082.0,245.0,France,Premium,4.0,0
910,41.0,49129.0,35.0,UK,Premium,26.0,1
911,22.0,31591.0,69.0,UK,Free,86.0,0
912,51.0,41303.0,49.0,France,Enterprise,77.0,0
913,23.0,60561.0,74.0,Canada,Free,78.0,1
914,19.0,101719.0,147.0,France,Enterprise,42.0,0
915,30.0,83694.0,261.0,Germany,Enterprise,30.0,0
916,60.0,122108.0,70.0,France,Enterprise,16.0,1
917,60.0,83694.0,90.0,Canada,Premium,82.0,0
918,65.0,116231.0,260.0,Germany,Premium,53.0,0
919,28.0,37314.0,126.0,USA,Enterprise,61.0,0
920,68.0,83694.0,231.0,USA,Free,86.0,0
921,64.0,49623.0,295.0,Canada,Enterprise,31.0,1
922,40.0,97675.0,129.0,France,Enterprise,39.0,0
923,33.0,142992.0,280.0,UK,Free,12.0,0
924,48.0,83694.0,100.0,Canada,Enterprise,83.0,0
925,28.0,95082.0,297.0,Germany,Free,34.0,0
926,33.0,113624.0,182.0,Germany,Premium,4.0,1
927,25.0,135228.0,174.0,USA,Premium,72.0,0
928,21.0,63130.0,188.0,Germany,Free,28.0,0
929,57.0,83694.0,57.0,Canada,Premium,69.0,0
930,21.0,127624.0,31.0,Germany,Premium,24.0,0
931,42.0,56292.0,84.0,Canada,Free,21.0,1
932,20.0,141785.0,152.0,Canada,Premium,65.0,0
933,49.0,116206.0,36.0,USA,Enterprise,44.0,0
934,20.0,99274.0,213.0,Germany,Enterprise,68.0,0
935,44.0,32469.0,106.0,Canada,Free,88.0,1
936,46.0,83947.0,220.0,France,Premium,71.0,0
937,49.0,52534.0,163.0,USA,Enterprise,0.0,1
938,67.0,83694.0,220.0,Canada,Enterprise,83.0,0
939,68.0,78874.0,270.0,Canada,Premium,43.0,1
940,36.0,79708.0,147.0,UK,Free,86.0,0
941,38.0,104553.0,182.0,UK,Enterprise,74.0,0
942,22.0,98344.0,106.0,Germany,Enterprise,47.0,0
943,35.0,79138.0,217.0,Canada,Free,47.0,0
944,45.0,84302.0,205.0,Canada,Free,87.0,1
945,59.0,77638.0,70.0,France,Free,74.0,1
946,39.0,108249.0,147.0,Canada,Free,28.0,0
947,38.0,135865.0,228.0,France,Enterprise,53.0,0
948,23.0,32719.0,184.0,UK,Enterprise,89.0,0
949,18.0,52890.0,107.0,USA,Free,15.0,1
950,22.0,107236.0,84.0,Canada,Free,19.0,0
951,58.0,83694.0,250.0,Canada,Premium,45.0,0
952,29.0,72534.0,21.0,France,Premium,66.0,0
953,43.0,83694.0,196.0,UK,Premium,64.0,0
954,63.0,83694.0,178.0,UK,Enterprise,57.0,0
955,51.0,48787.0,7.0,France,Free,52.0,0
956,66.0,78845.0,70.0,UK,Enterprise,0.0,0
957,31.0,87932.0,127.0,Germany,Free,80.0,1
958,43.0,122124.0,160.0,USA,Enterprise,65.0,0
959,62.0,83694.0,248.0,Canada,Premium,28.0,0
960,44.0,63062.0,203.0,USA,Premium,47.0,0
961,26.0,105713.0,148.0,Canada,Premium,69.0,1
962,43.0,117263.0,143.0,Germany,Enterprise,7.0,0
963,64.0,83694.0,199.0,UK,Free,28.0,0
964,39.0,90461.0,154.0,France,Free,50.0,0
965,64.0,105418.0,142.0,Germany,Premium,32.0,0
966,47.0,96672.0,165.0,USA,Premium,2.0,0
967,60.0,83694.0,21.0,France,Premium,59.0,1
968,65.0,61966.0,82.0,UK,Premium,34.0,1
969,34.0,102545.0,69.0,Germany,Free,68.0,0
970,43.0,42987.0,131.0,Canada,Enterprise,75.0,0
971,53.0,67311.0,87.0,Germany,Free,83.0,1
972,18.0,61575.0,218.0,Germany,Enterprise,19.0,0
973,25.0,93852.0,161.0,UK,Enterprise,72.0,1
974,66.0,31007.0,178.0,Canada,Premium,38.0,0
975,52.0,100981.0,117.0,France,Premium,3.0,1
976,69.0,106242.0,196.0,UK,Free,47.0,1
977,32.0,77517.0,86.0,Germany,Free,44.0,1
978,64.0,83694.0,289.0,UK,Premium,47.0,0
979,39.0,59257.0,81.0,Canada,Premium,12.0,0
980,31.0,117272.0,152.0,France,Free,12.0,1
981,43.0,72207.0,61.0,Canada,Free,59.0,0
982,45.0,43281.0,61.0,USA,Premium,56.0,0
983,40.0,91246.0,28.0,France,Free,47.0,1
984,31.0,31435.0,43.0,Canada,Free,51.0,1
985,41.0,128875.0,169.0,Germany,Premium,52.0,1
986,19.0,83694.0,147.0,France,Premium,85.0,0
987,62.0,121357.0,177.0,France,Premium,42.0,1
988,43.0,56660.0,17.0,UK,Premium,82.0,1
989,31.0,35084.0,147.0,Germany,Enterprise,71.0,0
990,68.0,112197.0,198.0,USA,Enterprise,71.0,0
991,24.0,43507.0,98.0,Canada,Premium,41.0,0
992,20.0,102595.0,65.0,Canada,Free,89.0,0
993,64.0,113807.0,5.0,Canada,Premium,25.0,1
994,40.0,75539.0,2.0,USA,Premium,47.0,0
995,63.0,83694.0,22.0,USA,Free,42.0,1
996,60.0,37491.0,112.0,France,Enterprise,76.0,1
997,64.0,142831.0,57.0,USA,Premium,27.0,0
998,62.0,80192.0,66.0,Canada,Premium,47.0,1
999,35.0,110395.0,98.0,Germany,Enterprise,47.0,0
1000,55.0,93888.0,144.0,Germany,Enterprise,55.0,1
