PassengerId,Survived,Pclass,Sex,Age,SibSp,Parch,Fare,Embarked
1,1,2,male,20.69579680128019,0,0,18.947509905215526,S
2,1,3,male,46.883359532097565,1,0,1.7020739606668869,S
3,0,3,male,49.01274537133226,0,0,7.871649717636084,C
4,0,2,male,36.38824987945097,0,0,25.740832424566953,S
5,1,3,male,72.55814380754562,0,0,8.878339101195591,C
6,0,2,male,22.203957930966542,0,0,5.110026608346018,C
7,1,1,male,,0,1,14.282779010116815,S
8,1,2,male,52.414415857074275,1,0,19.37606957655505,S
9,1,3,male,17.391083838392856,1,0,49.7845338949673,S
10,0,1,male,28.189339293802494,0,0,2.6902287434463554,S
11,0,2,male,39.54796782071063,2,0,4.9187792473972065,C
12,0,2,male,9.264439714278847,0,1,138.70392605702796,S
13,0,2,female,,1,0,81.23544149642072,S
14,0,1,male,24.159449755729987,0,1,20.066195693095455,S
15,0,1,female,10.89017933510421,0,0,67.55190191764109,
16,1,3,male,,0,0,6.279647860192313,S
17,0,3,male,28.528219233631003,2,1,2.734686635205386,S
18,0,1,female,17.830661747653814,0,1,1.1509859484263918,Q
19,1,1,male,30.86745303569973,0,0,15.844575052040415,S
20,0,3,male,17.46167753010689,0,0,79.56305907724263,S
21,0,1,male,41.204239930068724,0,1,3.0963080806702483,C
22,0,3,female,23.22269147968383,0,0,5.509803686602563,S
23,1,1,male,11.407274009628562,1,0,1.3619242342339,C
24,0,3,male,33.72556487283762,0,0,36.99010422397505,S
25,1,1,male,34.30679631051662,0,0,5.612119661519644,C
26,0,3,female,37.265749745598626,0,1,9.001846450887804,S
27,1,1,male,40.060967899731594,2,0,4.958376062948529,S
28,1,2,male,27.069229159491016,0,1,19.8249450909489,S
29,1,2,male,11.707117855563084,0,0,20.575262609787945,S
30,1,3,female,24.979250219598185,0,0,3.074830502827648,
31,0,3,female,,0,0,44.31264078601139,S
32,1,2,male,35.07902287561952,0,0,9.959900549965367,S
33,0,3,female,25.945547777391774,1,0,3.8347045941528095,S
34,0,3,male,15.021086072585167,0,1,14.288910384735946,S
35,1,1,male,27.29134520340423,1,0,118.97144092511708,S
36,0,2,male,35.124112717446266,0,0,4.977821080644967,
37,0,3,male,37.277473157755,0,0,6.495322432452526,S
38,1,3,male,0.7499555589463505,1,0,57.81818257950771,
39,0,1,male,13.23981144203343,0,0,39.47903137353086,S
40,0,3,male,14.938113824649584,0,0,52.03476201289844,S
41,1,3,male,25.997392012741155,0,0,29.461992640230662,
42,1,3,female,28.49634150073423,1,2,75.18738940599505,S
43,1,1,male,22.217660004121342,0,0,133.74445393453473,
44,1,3,male,26.468784252209634,1,0,15.671659763629753,S
45,0,2,male,36.11235766128604,0,0,10.756861738855896,C
46,1,1,male,39.667661125860405,0,0,104.81256221986453,S
47,0,2,male,33.92914538657145,0,0,81.07803033417659,S
48,0,1,female,54.24181640982673,0,1,28.729123297876466,S
49,1,1,male,36.137743748955266,1,0,6.106680900474626,
50,1,3,male,23.1447373274408,1,1,36.86083316099964,C
51,0,1,male,36.49451749494784,1,0,4.886827564404103,S
52,1,1,female,2.501682940416675,1,2,23.214694430405977,S
53,1,3,male,36.05499096138314,0,0,13.369990192023861,S
54,1,3,male,0.44599195013230286,0,1,12.95561028426232,
55,0,3,female,20.949869544977794,1,0,7.382360044456076,C
56,1,1,male,51.23298220486636,0,1,5.248783832906332,S
57,1,2,male,19.601774232571238,2,1,92.74471421275088,C
58,0,3,male,47.422156087738095,0,0,5.34469233913721,S
59,1,1,male,29.824768081224207,0,0,3.6838948022577633,S
60,0,2,female,42.34884609418481,0,0,167.5921049249545,S
61,1,1,male,23.127685423187497,1,0,61.546068401298605,C
62,0,2,male,62.13073347500172,0,0,15.40243187574334,C
63,1,1,female,26.64058123332268,0,0,5.959639960468247,C
64,0,3,male,10.77274061204806,1,0,22.053854399796464,Q
65,1,2,male,13.451037130274585,0,0,9.44855263745141,C
66,1,3,female,25.32974829802207,1,0,52.371958107485014,S
67,0,3,male,43.50610539799555,0,1,54.98889902630086,S
68,0,1,male,,1,0,16.413345780065193,S
69,1,2,female,22.991801344965275,1,0,18.09879011991176,S
70,1,3,male,29.404991463133328,0,0,20.870778869948463,S
71,0,1,male,23.98865288552911,0,0,3.6010466168095987,S
72,0,3,female,32.16737727814157,1,0,11.067503211830081,S
73,0,3,male,,0,0,14.072471931908147,S
74,1,1,male,34.22085165823772,2,0,2.3654453758405753,C
75,0,2,female,56.09158372485298,0,0,196.52823213783074,S
76,0,2,male,24.6109189443129,0,1,7.485863051207211,S
77,1,2,male,28.293731061400702,2,0,1.639227960550907,C
78,1,3,female,30.963437139952312,0,0,116.97417287850236,S
79,0,1,male,17.268668842698183,0,0,14.062009002576774,S
80,0,3,male,25.509036081160883,0,0,15.998978038097997,S
81,0,3,female,61.974203687486906,0,0,8.773706000061175,S
82,1,3,male,7.9456998107947925,0,0,0.7786582974574512,S
83,0,1,female,21.260894931225202,0,0,105.56204306068871,C
84,1,3,female,13.34252674870643,1,0,5.080804822673992,S
85,1,1,female,0.42,0,0,10.677318731601849,S
86,0,1,female,25.671215124967187,0,1,14.007088307070621,S
87,0,3,female,31.396053280680057,1,1,30.22752083372461,
88,0,3,female,,0,0,4.230810116979188,Q
89,1,3,female,,0,1,12.419008585460393,S
90,0,2,female,26.109366137998006,2,0,50.715090574878786,S
91,0,1,male,0.5357124686270716,0,0,18.070028571129228,S
92,1,3,male,19.075153193370085,0,1,10.440706804531985,S
93,1,1,female,24.06671691848516,0,0,18.79260458743038,Q
94,0,3,male,0.42,0,0,116.12855607849366,S
95,0,3,male,,0,0,35.58061936687834,S
96,1,3,female,35.66263607751581,0,1,21.755452883849145,S
97,1,3,male,,0,2,3.5278951830596834,S
98,1,3,male,38.10348847858106,0,0,13.274815941803098,Q
99,1,1,male,68.49057879906064,0,0,29.266779619568634,S
100,1,3,male,,1,0,3.0155645993001507,C
101,1,2,male,33.54259556612314,0,0,14.50125642203522,S
102,0,2,female,11.666653265064348,2,1,1.9404298232592532,S
103,1,2,male,19.913501455396865,1,2,8.18256762539067,
104,0,3,male,64.1081819406853,0,0,2.5497317435683144,S
105,1,3,male,35.391122440881276,0,0,3.6440220128174046,S
106,0,3,female,54.72715555216387,0,0,1.9959527306442755,Q
107,1,1,male,,2,0,6.902112170304217,S
108,0,2,female,30.32205850829337,0,0,1.0729079023860966,S
109,1,3,male,14.059995871286809,0,1,8.685587462617013,S
110,0,2,male,,0,1,4.04602714560278,S
111,1,3,male,39.72871050672769,0,0,3.2555093525032373,C
112,1,3,male,35.795666477297644,0,0,10.834442803132134,S
113,1,2,female,2.1278649041680247,0,1,52.05085384010205,S
114,0,1,female,47.25968358731798,0,1,1.047568415479581,S
115,1,3,male,16.21828236242222,1,0,20.398038985007165,S
116,0,1,male,27.278986366241174,0,0,38.63451916992589,S
117,1,2,male,15.571989511710257,0,0,11.43187130498657,C
118,1,1,male,0.42,0,0,0.958546167580904,S
119,0,3,female,,0,0,60.99908434363732,C
120,1,1,female,,0,0,36.61573655910026,S
121,0,3,male,12.225762264547228,0,0,13.69716861856546,S
122,0,3,male,,0,0,9.411225272948771,S
123,0,3,male,45.40946926539165,0,0,9.03750385583214,C
124,1,3,female,,0,0,59.053638566311335,S
125,1,2,male,57.31724015013383,0,0,14.48469368605394,S
126,1,1,male,23.014056611604726,2,1,8.936776115966211,S
127,1,1,male,28.562355177510916,0,0,13.302563772948826,S
128,1,3,male,33.86861445361279,1,0,8.881543173780845,S
129,1,2,male,38.87008373448081,1,0,1.20414447113547,S
130,0,3,male,49.559861179791525,0,0,12.74848341971668,S
131,0,1,female,8.443446311879864,0,0,9.2147763342629,Q
132,0,2,male,26.068037083701874,2,0,16.101782279579187,S
133,0,3,male,15.367808331343388,0,1,13.263715744771412,S
134,0,3,male,35.730132343757994,0,0,22.78821569209229,Q
135,0,1,female,23.88791753984793,0,0,14.234857547117933,S
136,0,3,female,30.142198551366413,0,0,11.822124515062395,S
137,1,3,female,28.409376351143553,1,0,77.86913917508568,
138,0,3,male,7.557874126910669,0,0,17.40577850881611,S
139,1,1,male,23.499089696183482,1,0,26.896765550124577,S
140,1,3,male,17.81926946314903,1,0,3.0769225126366955,
141,1,3,male,38.08329159208496,1,1,3.8393695916667347,S
142,0,3,male,15.743413774667403,0,1,15.357310168838742,S
143,0,3,female,51.1729867642834,0,0,29.510465762888057,C
144,0,2,male,46.960666232201646,0,2,47.65867460974961,S
145,1,3,male,0.4830712300847786,0,0,122.95285368885074,C
146,1,2,female,9.462113510571175,0,0,28.455214381103644,S
147,0,2,male,51.92981866626883,1,0,155.98652936026852,Q
148,0,3,male,38.374692119355764,0,0,7.778365377495058,S
149,1,2,female,41.37916388838568,1,0,1.2605200944948938,S
150,0,3,male,18.962023846220198,0,0,1.275568141865275,S
151,0,3,female,30.526875794698384,0,0,23.607867766062363,
152,1,2,male,46.805192029305715,0,0,91.0226637281725,
153,0,2,male,29.013732588965507,2,0,4.025593629291895,S
154,1,2,male,29.295583104733804,0,0,12.224602938539558,S
155,1,2,female,24.092499771581647,0,1,9.216860318602045,
156,0,3,female,26.25657674250174,0,0,3.8297384561081187,S
157,0,3,female,4.260878662269949,0,1,6.280548061911181,S
158,1,1,male,33.04432291563924,0,2,2.1579113687662757,S
159,1,3,male,46.429338166440814,0,0,17.058371968736967,Q
160,0,1,female,62.344041232026136,1,0,2.726960798773697,S
161,0,3,male,34.48187686355398,0,1,8.516567188823233,
162,1,3,male,42.72078111743011,1,0,34.15303536266413,S
163,0,3,female,,0,0,3.2456781109210175,S
164,1,3,male,28.089808892942496,0,0,23.89322185141692,C
165,1,3,male,37.404030616233584,0,0,45.89743674329873,
166,1,3,female,24.33617158776381,0,0,7.049166863561816,
167,1,2,male,24.699433221075758,2,2,0.7691894544730967,C
168,0,3,female,4.300966308900083,2,0,1.8509716707057575,C
169,0,2,female,12.280819863142199,0,0,8.27097021865493,S
170,0,3,male,42.09929301782671,1,0,109.29178182412164,
171,1,2,male,74.45499410568516,2,0,8.415752394256883,C
172,1,1,female,40.282342497970916,0,1,21.12900797659261,
173,0,3,female,19.288268103892758,1,0,12.000379830621672,S
174,0,3,male,19.75754388277219,0,0,22.46446489649556,S
175,1,1,male,47.07284395926352,0,0,4.936632814333484,S
176,0,3,female,11.72139355965016,0,2,12.546196416116262,S
177,1,1,female,46.14120246416452,0,0,37.74373688937193,
178,0,3,male,8.59912250311043,2,0,176.6834712299024,S
179,1,1,male,27.951460855763173,2,0,75.3799717023469,S
180,1,3,male,21.597560866024384,0,0,16.48082179384947,
181,1,1,female,7.204271304816494,0,1,3.7915586513475463,S
182,0,1,male,5.213272053702944,0,2,20.560137354306736,S
183,1,1,male,33.602217611429005,0,0,12.647766185340705,Q
184,0,3,male,9.597920645874208,0,0,15.42961472417437,C
185,1,3,male,,0,0,14.202948974422293,C
186,1,2,female,34.42174509969904,0,0,5.783856323492382,S
187,1,2,male,29.932215055364846,0,0,19.327737830483002,S
188,1,3,male,19.037022885881626,0,0,2.5931988456565525,
189,1,2,male,23.04792775722394,0,0,5.758657841382232,S
190,0,3,female,18.452615081282048,0,0,6.5574029202084,S
191,1,3,male,,2,0,1.3713596050494452,S
192,0,2,male,35.24010083755421,0,0,80.84064229589781,S
193,0,3,male,,0,0,6.120742702158758,C
194,1,1,male,24.262261737414793,0,1,21.111619015052074,Q
195,0,1,female,68.1193463171079,0,0,14.95832458989475,S
196,0,3,male,27.352297326016828,0,0,20.406147103850326,S
197,1,3,female,24.382586847204053,2,1,38.993911375585824,S
198,0,3,female,30.58293747563351,1,0,10.421553882653587,S
199,0,1,male,41.53030192064956,2,0,14.03550166127038,S
200,0,3,male,34.79475838425558,1,0,6.788075492637943,S
201,0,3,male,14.978930644816588,2,0,18.70345707778636,C
202,1,3,male,20.039127113375095,0,0,5.261189183348079,C
203,0,1,female,45.79997457319288,1,0,10.168372161632558,Q
204,0,3,male,18.05576748098855,0,0,3.183359132287869,S
205,1,3,female,,0,0,66.44650961882014,S
206,1,3,male,,1,0,159.1420670380002,S
207,1,3,female,0.42,0,1,5.817689390039152,S
208,1,3,female,22.443336153910558,0,0,24.820820707171112,S
209,0,1,male,24.09818491549553,0,0,10.000692355541132,C
210,0,2,male,15.88656139445014,1,1,66.57577647910995,S
211,0,3,male,21.61626237941314,0,0,2.9276488734405497,S
212,1,1,male,25.404969761402803,0,0,7.911551995620325,S
213,1,2,male,22.64477849504226,0,0,16.418462265849612,C
214,0,3,male,23.654159558938588,0,0,14.122977796702262,S
215,1,3,male,38.04382800986506,0,0,27.14996729289144,S
216,0,3,male,26.293503488126824,0,0,31.8686879001126,Q
217,1,3,male,32.13779613477207,0,0,4.385600974427372,S
218,0,1,male,41.10089686513322,0,0,23.698762826137294,S
219,1,3,male,17.54984385456614,0,0,12.107590611157466,S
220,0,3,male,,0,0,5.50146559604914,S
221,1,1,female,18.327065249313808,2,0,3.8992381942931242,Q
222,1,3,male,26.996092674285617,1,0,1.8578693664633061,S
223,1,3,male,,0,2,2.8102044032786484,S
224,1,3,female,33.37530535788211,0,1,3.408703515981636,S
225,0,1,female,21.19928970278935,0,0,10.247994523284849,C
226,1,3,female,39.7908915288871,0,0,4.173647141396387,S
227,1,1,female,12.970398627562012,2,0,5.202364868732509,S
228,1,3,male,19.20937948612316,0,0,2.571500480473794,C
229,0,3,female,13.260498549860664,0,0,5.935838286022977,C
230,0,3,male,21.524937310619677,0,0,51.131749887705176,Q
231,0,1,female,50.835053911123616,0,0,5.883570893757447,S
232,1,2,female,24.43364136357426,0,0,1.1629954533201599,S
233,0,3,male,10.859579853815163,0,0,2.2274711617297682,S
234,0,2,female,29.524538985155193,0,0,4.6390581613746225,C
235,0,1,female,21.55090649553641,0,1,74.36906203496338,S
236,1,2,female,34.9611111387672,0,0,53.49139441660602,S
237,0,2,female,28.025556525405463,1,0,15.83153057225235,S
238,0,3,female,21.105465013330473,0,0,8.078760413693715,
239,0,2,male,36.11087722914198,1,0,2.490405405406376,S
240,0,2,female,,0,0,9.88851331331139,S
241,1,1,male,,0,0,18.819580722907318,S
242,1,3,female,,2,0,41.068925504657805,S
243,1,1,male,49.146635068018476,0,0,13.897782920611876,S
244,0,3,male,23.561098479482066,0,0,4.485592106205905,C
245,0,3,male,31.929579978455244,0,0,8.595258779869859,S
246,0,3,male,36.88167184222501,2,0,34.26960991653602,C
247,1,3,male,39.744049061672776,0,0,8.182326854563826,S
248,0,2,male,13.530499841256038,1,0,29.416251914901792,S
249,1,3,male,43.66770112127874,0,0,183.92956599184507,S
250,1,2,male,15.61792627649299,0,0,31.054874599730088,S
251,0,1,male,14.49571856634791,0,0,14.887798122698047,S
252,1,3,female,7.550672537808847,0,0,101.02291884921867,S
253,0,1,female,,0,0,16.648447951562083,S
254,0,2,male,41.317115338266774,0,0,7.474056324787986,S
255,1,2,female,44.513111120794534,1,0,64.41353658898758,C
256,0,2,male,27.52543700395882,1,0,8.62376733518897,
257,1,3,female,,0,0,50.597311335539544,S
258,0,1,male,23.73288606006094,1,0,8.385842765323355,S
259,0,3,female,22.994771311999667,1,0,51.78566122048894,Q
260,1,1,male,34.527398981072096,0,0,82.44053464381169,Q
261,0,3,male,27.684743717410715,0,0,138.41157637295547,S
262,1,3,female,5.0486226822886096,2,1,74.42436151419632,S
263,1,2,female,,0,1,13.059214184267349,S
264,1,2,female,33.68758887899223,0,0,3.2378512124278243,
265,1,3,male,16.349290664785272,0,0,16.25894829592643,S
266,0,3,female,,0,0,4.029893318878855,S
267,1,3,female,37.844995278851556,2,1,3.696004378730401,S
268,1,3,female,10.686979846131809,0,0,12.78159293483315,S
269,0,3,male,6.871822712849241,0,0,1.1159677286513514,S
270,0,3,male,61.94213492499269,0,0,4.809586247856216,S
271,0,3,male,34.56788124049439,1,0,14.069997654898312,S
272,0,3,male,,0,0,2.836699962919707,S
273,0,3,male,24.97105284663466,0,2,5.244771549550745,S
274,1,3,male,,1,0,14.635347015583966,S
275,0,1,female,1.8668442444040103,1,0,10.145111314222458,C
276,0,1,male,,0,0,35.45108141219967,S
277,0,3,male,32.62245026811375,0,0,43.180413233490455,
278,0,2,female,22.967315730495866,1,0,0.7733321865080437,S
279,0,3,male,8.210630776407555,0,1,31.30401536544594,S
280,0,2,male,34.03886519359543,0,0,13.063483350155085,
281,0,2,female,0.42,0,0,23.907598407443857,S
282,0,3,male,,1,0,4.16301124209861,S
283,1,3,male,43.90447667156579,1,0,10.341206150523371,C
284,1,1,female,19.226822911357782,0,0,14.340376878085596,S
285,0,1,male,22.46166697874981,0,1,143.01888295012787,S
286,0,1,female,46.030445153165516,0,1,2.910433036703134,C
287,0,2,female,19.506637665677427,0,0,5.255963895887001,C
288,0,1,male,29.64003257883063,1,0,45.877714290794316,S
289,1,1,male,51.52716599414509,0,0,107.5265749946816,C
290,1,2,male,45.040133292467274,1,0,24.91223993296114,S
291,1,2,female,39.74894058099519,0,0,79.44532328108835,S
292,0,1,male,,1,0,9.734461916890435,C
293,1,3,male,32.21523460022458,1,0,28.833501585391986,S
294,1,1,male,,1,0,4.098391074713551,S
295,1,2,male,37.51382917559211,0,0,17.457893144641368,
296,1,3,male,11.410305993583464,1,1,5.012070637717138,S
297,1,3,female,46.806892889714234,0,0,18.973186079129423,Q
298,1,1,male,21.685844927885565,0,0,3.353995353850731,S
299,0,1,male,15.464946153446155,0,0,4.970877798805393,S
300,0,3,male,17.052725953006714,0,0,38.04927885869714,S
301,1,3,male,27.300254993268418,0,2,39.707658611842064,S
302,1,2,female,65.36356513388377,0,0,5.60208701457922,S
303,0,3,female,5.234762222702287,0,1,10.47474956464678,S
304,1,3,male,,1,2,35.750848422938596,S
305,0,3,female,23.908969715778138,1,1,13.81227865932624,S
306,0,3,male,14.7580624307538,2,0,0.3795448960442839,
307,1,2,female,22.0302494084633,0,0,18.278698717634185,S
308,1,1,male,29.64322004950428,0,1,6.0091320316934835,S
309,0,1,male,43.00729742355446,0,0,3.6160820445404487,S
310,0,3,female,25.429280915094452,0,0,7.531260803311189,Q
311,0,3,male,19.525004488547708,2,0,16.20281200221886,C
312,1,2,male,14.920664655488796,0,0,3.997753886561592,S
313,1,1,male,29.15965468773155,0,0,181.4928096896816,S
314,1,2,male,43.049133551500766,0,0,3.5049389113010574,C
315,1,1,male,46.60763435561966,0,0,53.05128352798745,
316,1,1,male,1.0067192306317665,1,0,6.0842871915732255,C
317,0,2,male,24.02262954317154,0,1,61.79922007889877,S
318,1,3,female,34.28194968020094,0,0,7.950821744635244,S
319,0,1,female,40.3343967932013,0,0,10.212653110516104,S
320,0,1,male,44.10830569334772,0,0,19.29409034829763,S
321,0,2,male,5.2335325776201564,0,0,47.09792620576611,S
322,0,1,male,44.71826806193357,1,0,26.811341624312313,S
323,1,2,male,63.15153850126706,0,0,15.538401867261866,S
324,1,1,male,43.08867964997129,0,0,9.314739575903587,C
325,1,3,male,35.75869995950034,1,0,3.788399740594804,
326,0,1,female,39.55104838632414,0,0,3.5183530742173628,S
327,0,2,male,56.57847135515077,1,0,4.888835304568374,S
328,0,1,female,,1,0,8.865930393665826,S
329,1,3,female,37.724015679980226,0,0,6.314770080128166,Q
330,0,2,male,58.05529569313941,0,0,61.64775572422577,S
331,0,1,female,26.294129428208024,0,0,13.954994119299371,S
332,1,1,male,,2,0,16.58391875752434,S
333,1,2,male,30.84235961260886,0,0,18.607143164722835,
334,0,3,male,11.68337165430954,0,0,0.9617885448448602,S
335,0,2,female,26.23292136665669,1,0,4.397739914148766,Q
336,1,2,female,32.09224766388927,0,0,19.062756199093723,C
337,1,2,male,46.80908568827557,0,1,3.4557098804726603,S
338,0,3,male,27.66552521280615,2,1,7.916683955323042,S
339,0,3,male,27.74292388844313,0,0,43.37747608060804,Q
340,0,1,male,16.763921431958202,0,0,2.114190098409894,C
341,0,3,male,25.466081046567478,0,0,4.035304955614198,
342,0,2,male,38.01320002311629,0,0,45.377780804265115,S
343,0,3,male,34.46821963304896,0,0,24.09521643916285,S
344,0,3,male,29.49029682828349,2,0,41.3579080297723,S
345,1,2,female,50.345399465773085,0,0,16.000236679839315,S
346,0,1,male,31.69890308837753,1,0,3.792630581001147,S
347,1,3,male,60.92727415367389,1,0,8.292938083019619,S
348,0,3,male,,0,0,6.961213432938271,S
349,1,3,male,22.821991087980294,0,0,8.3211342978272,S
350,0,1,male,0.42,0,0,7.0043872416418775,S
351,0,2,female,36.1468460434489,1,0,5.318561342881942,S
352,1,2,female,5.860437851998039,0,0,6.152961666775047,S
353,1,3,male,24.854117780889876,0,0,16.73314812265025,S
354,1,1,male,4.8609464604334,0,1,8.283465319845149,S
355,1,1,female,18.244427512409338,0,0,3.3056642114397183,C
356,0,2,female,35.480500723460764,0,1,3.229841778258547,S
357,0,3,female,13.32195081346098,0,0,17.779972401313845,S
358,1,3,female,14.764559363419743,0,0,38.33565353448264,S
359,1,3,male,12.018516002328116,0,0,15.505597953377956,
360,0,3,male,19.716708447111678,0,0,124.4057818104184,C
361,0,2,male,19.551939829535847,0,1,43.872244383998826,
362,0,3,male,,1,0,18.57459980820562,S
363,1,3,female,39.06186176006379,0,0,4.61792307098456,S
364,0,3,male,36.85584072128948,1,0,4.532088639389825,S
365,1,2,female,40.93884743948341,0,0,10.877390060055463,S
366,1,3,male,54.06046007041247,0,0,12.003628098842995,Q
367,1,3,male,25.947062251958137,0,0,0.5416453125072452,S
368,0,2,male,32.01854611494343,0,2,6.62357223806044,C
369,1,3,female,33.65028881974007,0,0,8.206649788021823,S
370,1,3,male,15.700011177452394,2,0,29.319171728511755,C
371,1,3,male,,1,1,11.882327241197087,S
372,1,3,male,38.61025489171391,0,0,82.12642600521426,Q
373,1,2,male,50.270744259950185,0,1,14.197279536662958,C
374,1,3,male,2.161414533499528,0,0,25.96337247569019,C
375,1,1,female,36.48552782422509,1,0,2.000571084406789,C
376,1,3,male,13.954860728743842,0,0,5.2693048850462185,S
377,0,3,female,26.21144049094527,1,1,35.7881526518818,C
378,1,2,male,0.42,0,0,7.008629801400555,S
379,1,1,male,,0,0,17.138557408851373,S
380,1,1,male,35.98887167386894,0,0,83.28089887138502,C
381,0,2,female,43.493808583595865,1,0,8.299597488772553,C
382,0,3,male,34.12488865738302,0,0,0.934988654891099,S
383,1,3,male,24.8962603324104,1,0,166.92389089733908,S
384,1,2,male,24.71705855946547,2,0,24.85585030019304,S
385,1,3,male,26.872501587693996,0,2,183.84826088694803,S
386,1,1,male,26.419672861279377,0,0,2.3158080715738887,S
387,1,3,female,16.270563591307884,1,2,11.067846974479062,
388,0,2,male,25.056170588641873,1,0,7.335289872672198,S
389,0,3,male,45.33434752525004,0,0,26.94868125504169,C
390,0,3,male,47.37615057713015,0,0,9.442215467211243,S
391,1,3,female,28.24952668683516,0,0,21.97948527718707,S
392,1,1,male,47.315365467408675,0,0,10.40726010547689,
393,0,1,male,15.389310986958813,1,0,19.5348628538271,C
394,1,3,male,41.54649214440599,0,0,5.456218613441318,S
395,0,3,male,31.640741373249178,0,0,3.107426244172946,S
396,0,3,female,18.536503570871815,0,0,4.68062334557532,S
397,1,1,male,46.88153279766786,0,0,4.079217850092,S
398,0,1,female,29.466856969515735,0,0,5.463566965939383,Q
399,0,3,male,36.37733340001442,0,0,1.5878792800797938,
400,1,1,male,45.568803042460374,1,0,8.104082981616067,S
401,0,3,male,26.2838171494808,0,0,12.146563749522006,C
402,0,1,male,12.552439523598238,0,0,45.272871036974905,C
403,1,3,female,31.152498957105077,2,0,15.344552180757978,Q
404,0,1,male,21.095382037506617,1,2,0.956314790025994,C
405,0,3,male,24.334276198456195,1,0,8.64968630167733,S
406,0,3,female,44.85553389488764,0,2,5.768505422790986,S
407,1,3,male,27.262195635616006,2,0,2.4217778181089566,S
408,1,3,male,22.809411217792885,0,0,2.6266477948667917,
409,0,2,male,32.37934531357934,1,0,15.399218985311789,C
410,0,1,male,0.42,0,0,4.7041406837580295,S
411,1,1,female,,0,0,13.02279447948371,S
412,1,2,male,16.8392061646701,1,0,31.910642816677093,S
413,0,2,male,42.846447698555714,2,0,24.27943965130145,S
414,0,3,male,41.94323384869266,0,0,5.20942971949268,C
415,1,3,male,54.248012295990975,1,1,8.289705558024913,S
416,0,3,male,38.70126555474985,2,0,15.244561442151017,S
417,0,3,male,25.170516143684026,1,1,4.778870915857705,S
418,0,1,female,9.63661589175523,1,0,4.652064919827009,S
419,0,3,male,25.584154189438586,0,0,8.569546292449836,S
420,0,3,male,34.00597407588607,0,1,5.623334477107475,
421,1,2,female,24.386788728735,0,0,67.28520202038108,Q
422,1,1,female,27.604130511798164,0,0,48.77848226503135,C
423,0,1,male,37.1674619848717,0,0,4.853434242240834,S
424,1,3,male,23.798895279925276,0,0,17.996637047092225,S
425,0,3,male,51.92720102929283,2,1,38.21370625182575,C
426,0,2,male,25.578516929863603,0,0,29.368264456825656,C
427,1,2,female,32.86415570405188,0,0,24.467340783661946,S
428,0,3,male,40.26257022586792,0,1,27.442063669154187,S
429,0,3,male,7.537270120519853,1,0,2.6362020257639367,S
430,0,2,female,30.110844995178883,0,1,6.8582387331536125,S
431,0,1,female,11.564829144965227,0,0,11.780512780623072,S
432,0,2,male,14.34420116421147,0,0,36.453490914412,S
433,1,3,male,30.0550576791126,0,0,8.818123589690687,S
434,0,2,female,43.36985544221061,0,0,68.83848125619137,S
435,0,3,female,22.399365203119487,0,0,1.4761731629495762,C
436,0,2,male,19.552977262053815,0,0,21.463780245356972,S
437,0,3,male,,0,0,8.671287908419869,C
438,1,2,male,,0,0,18.14375391704622,S
439,1,2,female,40.4816201460208,1,0,52.38724512415255,C
440,0,3,male,16.979227050858405,1,0,4.904708533655425,S
441,1,3,male,31.823504251664733,0,0,2.961139326469352,S
442,1,1,male,18.769853381110632,1,1,122.31192533737274,
443,0,2,male,32.90201462518981,0,0,8.243120499719279,Q
444,0,3,female,8.818966854498946,1,0,41.41252840099375,S
445,1,3,female,6.504289526508757,1,0,6.391102824565958,S
446,0,1,female,24.70400916875608,0,0,7.692268714277352,S
447,1,1,male,49.91407852628433,1,0,16.931417824026536,S
448,0,3,male,40.51354149772,0,0,4.271057192538634,C
449,0,3,male,36.409759950465734,1,0,512.0,S
450,1,2,male,32.822239481922786,0,0,10.19926567258036,Q
451,0,3,male,49.94500008695593,0,0,7.293509097843313,S
452,1,3,female,16.118468899810395,1,0,2.1518939163893824,S
453,1,1,female,25.687924851888468,1,0,19.256964785412706,
454,0,1,male,35.218079446026664,1,0,6.88782815005822,S
455,0,2,male,34.735711112710085,1,2,4.246953845874583,C
456,1,3,male,,1,1,66.22974107937296,S
457,1,3,male,42.15207066979682,0,1,46.578973768686375,S
458,1,1,female,45.750769827955985,0,0,55.987940872627284,S
459,1,2,male,,1,0,24.161173960673707,S
460,1,1,male,30.49235312837851,0,0,1.6443056572047643,S
461,0,1,male,30.7811929291826,0,0,38.843586475356055,S
462,0,3,male,20.357974985507376,0,0,3.137512019303621,S
463,1,1,male,44.82078310923556,1,0,40.18423543278753,S
464,0,3,male,65.1057505934485,0,1,37.026716335440256,S
465,1,3,male,20.16462029036036,0,0,65.95667273250909,S
466,1,2,male,29.629347865662176,0,1,25.283643579728544,C
467,0,3,female,54.64252579282611,0,0,21.017710582237104,S
468,1,3,female,0.42,1,0,4.834664023465342,S
469,1,2,male,17.322440482090798,0,0,29.315957415169354,C
470,1,2,male,23.89287713145329,0,0,4.641170156801303,S
471,0,3,female,5.46494545249293,1,0,8.460155535477806,C
472,1,3,male,0.42,2,1,0.6570254370240515,S
473,1,3,female,38.934785517074275,0,2,12.555860403211407,S
474,0,2,male,30.600672431960334,0,0,17.723535927110905,S
475,1,1,female,37.65784178717543,1,0,159.67853551920214,S
476,1,1,male,32.809928816208796,0,0,26.340434378617164,S
477,0,1,female,,0,1,5.550244376528636,S
478,0,1,male,22.239187062484795,1,0,63.495792242725564,Q
479,1,1,male,25.153529997370295,0,0,12.20412717996831,S
480,0,1,male,33.861373179509705,0,1,61.77380207284723,S
481,0,3,male,36.73989320894538,0,1,14.022036306392934,S
482,0,2,male,47.06149611907494,0,0,14.523701486879892,S
483,0,2,male,20.22266895775625,0,0,18.06769635948586,S
484,0,2,female,21.359558411096888,1,1,9.199331279293368,C
485,0,2,male,5.475937390152371,0,1,3.1740632898985326,S
486,0,2,female,8.537951905500687,0,0,11.453887928578386,S
487,1,3,female,27.847008250164905,1,1,2.9240250919472097,Q
488,1,2,male,31.929413393588145,0,1,4.313779814265328,S
489,0,3,male,39.67622412109848,0,0,52.952291856232776,S
490,1,3,male,31.87276445025889,0,0,6.743502843064485,C
491,0,3,female,45.601978437533035,0,0,6.299889064508634,S
492,0,2,male,55.6175960348948,0,0,6.099735043323604,C
493,1,2,male,8.895437806003592,0,0,13.75613261042141,C
494,0,3,male,27.11053637321701,1,0,10.133406204756438,S
495,0,2,male,44.93984580474212,0,0,19.09449800926523,S
496,0,3,female,36.911135228943536,0,0,7.495988263544372,Q
497,1,3,male,48.320209573683016,0,0,8.698309812182993,S
498,0,1,male,,0,0,1.1251599173283615,S
499,1,2,female,19.830167963667087,0,0,9.957418053896324,S
500,1,3,male,12.342928993946735,1,0,71.05204729321966,S
501,1,2,male,26.25050902424028,0,1,7.604369103369669,S
502,0,3,male,55.538267383731736,0,0,19.26583967414393,S
503,0,3,male,24.971589090550868,0,1,8.237849360688047,S
504,1,2,male,13.976347897411467,0,0,28.496165511456304,Q
505,1,1,male,12.888552671190894,2,0,27.655874973165087,
506,1,1,male,27.322271604729945,0,1,28.15176922267009,S
507,1,3,male,30.869969474674082,0,0,7.279808050887408,S
508,1,1,female,47.55860947939335,0,0,92.56951192878789,S
509,0,3,female,17.571492430699543,0,0,2.9211085859289496,S
510,1,1,male,34.82882217324848,0,0,7.593578340914293,C
511,0,3,male,33.676155342143744,2,1,5.580993620116373,S
512,0,1,male,14.308074167474897,0,2,1.0428884268533816,S
513,1,3,male,,1,0,47.93582968964374,C
514,1,3,female,36.2978171841964,0,2,376.0090508917755,S
515,1,2,female,33.1271322253039,0,1,22.87167727924086,
516,1,1,female,36.7232055238581,1,0,1.5583895239570424,S
517,0,3,male,19.95155206034543,0,0,33.57435280778491,S
518,1,1,female,48.31962571931034,0,1,18.00870511779127,C
519,0,1,female,30.412468616602347,0,0,16.61995882079719,Q
520,1,3,male,32.10150222893738,0,0,7.385872648593339,S
521,1,2,male,,0,0,24.61545980336029,S
522,1,2,male,33.582505520502096,2,0,16.137553139940156,S
523,0,2,female,35.038056197292164,0,2,6.009289146243751,S
524,1,2,female,40.67361851056947,0,0,4.9886260998871235,
525,0,2,male,26.036485683860683,0,1,23.43529046705892,Q
526,1,2,male,,0,0,58.080817736147104,S
527,1,1,male,32.80979544738181,0,0,36.205514570544494,S
528,1,3,male,42.00854999797504,1,0,49.91112111390196,Q
529,0,3,male,40.037908428183684,0,0,3.8319716187861155,S
530,0,3,female,38.60476249174628,0,0,12.701105505102694,S
531,1,3,female,38.04661673630721,0,0,42.34877308064485,
532,1,3,male,38.60950183078535,0,0,3.3952386478492667,S
533,0,2,male,,0,0,11.180130462049908,S
534,1,3,male,,0,0,4.96386513539462,S
535,1,3,female,30.957421465733784,2,0,9.248714237157252,S
536,0,2,male,24.40921576851654,0,0,5.787049785430809,
537,0,3,male,50.439880699406984,1,0,12.992606885129128,S
538,0,1,female,27.367321576854412,1,0,45.85076272669389,C
539,0,2,male,10.379159864215342,0,0,9.9471713545416,S
540,1,1,male,28.55137666607884,2,0,8.744053687700456,S
541,1,3,male,50.57077445561153,0,0,6.498096274621004,S
542,0,3,male,0.42,0,1,17.339732497595197,S
543,0,3,male,42.53012110348361,0,0,14.15727131835486,S
544,0,2,female,33.068739104909874,0,0,8.906934705686584,S
545,1,2,male,25.58515224594343,0,0,26.793053478772638,S
546,0,3,male,8.72959520725593,0,0,12.615068361645502,S
547,1,3,female,34.258089523051524,0,0,48.08006715820986,
548,0,2,male,,0,0,17.73984009152386,S
549,0,3,female,26.38682099078871,0,0,29.22325104123115,S
550,1,2,female,10.239753538245562,1,0,5.33368624526073,S
551,1,3,female,23.53665025470729,0,0,8.111010979769697,S
552,1,3,male,14.401216876083794,2,0,9.999706114213625,C
553,1,3,male,28.928829743305855,1,0,25.87826756916071,C
554,0,3,female,61.30298356533927,0,0,14.309002774040815,S
555,1,3,male,30.654349626370887,0,0,9.690569504839157,C
556,0,2,male,45.760151197032684,0,0,2.7932563848820227,S
557,0,3,female,,1,0,21.823191596225794,S
558,0,2,female,43.26703748415528,0,0,6.604030265995727,S
559,0,3,male,13.70462830791136,0,0,7.467994083145307,C
560,1,3,male,,0,2,45.31853593810508,S
561,1,2,male,35.41435037173945,0,2,63.93494255731611,S
562,1,3,male,,1,0,19.370734684314883,S
563,1,3,male,14.558936656598368,0,0,4.961685623117457,S
564,1,3,female,16.31856010691958,0,0,33.99060283482543,C
565,0,3,male,68.33981470632104,1,0,61.90617039733389,S
566,0,3,female,32.563450950164466,2,0,36.40599406422826,S
567,1,3,female,22.599269348067683,0,0,39.85562398782653,Q
568,0,2,male,46.825451136658394,1,0,28.665952779716132,S
569,1,3,male,15.572130628448745,0,0,18.38178847028745,C
570,1,3,male,18.055837269282506,1,2,14.1200427349243,C
571,0,2,male,45.41399167544195,0,0,1.7442453909690134,S
572,0,3,male,32.86938967616563,1,0,20.514700888199386,S
573,0,2,female,14.609937151368467,1,0,8.333178074553555,
574,1,2,male,35.299250384981576,1,0,4.452596505467534,S
575,1,2,female,38.007308113812115,0,0,32.56461809991906,C
576,0,3,male,0.42,0,0,7.449480863913764,S
577,0,1,male,23.217259967261505,0,1,4.921249555653523,
578,0,1,female,24.447859263034726,0,0,3.743387134664438,S
579,1,3,male,,0,0,11.19066040570975,S
580,0,1,female,27.066785872390216,0,0,25.9645782713175,C
581,1,1,male,23.36948721625032,1,0,32.418054629880984,S
582,0,1,male,11.605196946163879,0,0,68.44414959278909,C
583,1,3,female,18.131012646849232,0,0,62.40378324925284,
584,1,3,male,14.594401099981656,0,0,6.207785549446604,S
585,1,3,male,43.01468879144253,0,0,15.694292701268855,
586,1,3,male,26.771192522447677,0,1,21.498769776667046,S
587,0,3,female,18.183596235787917,1,0,15.928635260147786,Q
588,0,3,male,26.463130400942394,1,1,9.127506435049257,S
589,0,3,male,18.20914226229445,2,0,0.6439865956620751,Q
590,1,2,female,17.749547201430484,1,1,6.851851175894623,S
591,0,2,male,29.37552093744825,0,0,6.055517444250988,S
592,0,3,female,44.15757409813884,0,0,6.00549341148642,C
593,1,3,male,32.19217905065606,1,0,7.333506545528257,S
594,1,2,female,1.6012457782911973,0,0,11.287195108795233,S
595,0,3,male,42.892422510549736,1,0,11.095935352707173,S
596,0,1,female,,0,0,10.188937374784762,S
597,1,2,female,49.818531625279256,0,0,26.243650836357453,S
598,0,2,male,28.206401859697625,0,0,8.172448748138793,S
599,1,3,female,23.113732820537805,0,0,19.02757431744342,S
600,1,2,male,39.90761982526774,2,0,5.098466106805567,S
601,0,1,male,16.2164302605337,0,0,11.128778232871682,S
602,1,3,male,25.679819256396453,0,0,36.14182206592544,S
603,1,3,female,45.01925844223615,0,0,2.454109803532785,C
604,0,3,female,25.111062825908956,0,0,0.9393945324032557,S
605,1,1,female,37.63366367571189,0,0,0.9117234180466399,S
606,0,3,male,27.916581052082616,2,1,46.25808796587125,
607,0,3,male,25.238737870033358,0,0,6.280016962580121,S
608,0,2,male,31.049527921758873,0,0,35.3994057205611,
609,0,3,male,17.475997176439996,1,1,12.299703050964439,
610,0,1,female,37.32686540304323,0,0,12.745160107690573,S
611,1,2,male,6.595807456578854,0,0,11.164387308446216,C
612,1,1,male,,2,0,5.860393034325819,S
613,0,2,female,,0,0,5.48520794411169,S
614,1,2,male,32.939564411011794,1,0,7.820426884048508,S
615,0,3,male,25.034641965260484,1,2,5.940326276549308,S
616,1,2,female,30.97218224231386,1,1,2.559998297758824,Q
617,0,3,female,32.33567837256907,0,0,11.363568427029852,S
618,0,1,female,48.66810131628547,0,0,15.925657209094666,S
619,1,2,male,21.572258848076785,0,0,12.833590147939157,S
620,1,1,male,13.974231206885108,0,0,41.75245601856833,S
621,0,3,male,5.274859227289536,1,1,19.835964555712632,S
622,0,1,female,41.794196640547334,0,0,9.343696868194499,S
623,0,3,male,26.364325259962925,0,0,14.746243198876437,
624,1,3,male,24.529651158234255,0,0,29.89015745402276,S
625,1,3,male,58.059053524925595,1,0,25.80023951090683,C
626,1,3,male,49.09335760739027,1,0,4.880817755067859,Q
627,0,2,male,22.281504241913872,0,0,19.42932336432693,S
628,1,2,female,53.80589988491474,0,2,13.047704414129795,S
629,0,3,female,,0,0,15.371590430305885,S
630,0,2,male,38.44229640889841,0,0,11.220809409525332,C
631,0,1,male,30.67611834241561,1,1,7.53990833604536,S
632,1,1,male,51.11209698817446,0,1,5.612150024762882,S
633,0,1,female,31.327473825498085,1,0,7.660368463473912,S
634,1,2,male,31.94518208439294,0,0,3.2036439425720533,S
635,0,1,male,29.73365772113466,0,1,40.03070936278403,S
636,0,3,male,43.30057480005594,0,1,0.9030821118024414,S
637,1,1,female,37.89215441424569,1,0,13.016575686248714,S
638,0,3,female,23.10829390343871,1,0,4.900764568610682,S
639,0,3,male,12.695023815639527,0,0,17.705293641313194,S
640,0,1,male,33.4337987387528,1,0,33.18483095609069,S
641,1,3,male,35.05784992085379,0,0,49.22112383580072,S
642,0,1,female,,2,0,8.29253129917206,S
643,1,3,female,41.2633299989123,1,0,38.43642302820425,
644,0,1,male,37.499050791799526,2,0,5.917161131829991,Q
645,0,3,female,38.65030414023888,0,0,6.371106097285641,C
646,1,1,male,37.91077174940163,0,0,10.202920771809506,Q
647,1,3,male,19.473251319970643,1,0,40.18476067675121,S
648,0,3,male,17.332536667729936,0,1,3.940317289183496,S
649,1,3,male,10.864860035516436,0,0,8.515664622108995,
650,1,2,male,3.7898619988519044,0,1,27.880180535487025,S
651,0,3,female,,0,1,7.868686177205828,S
652,1,3,male,49.7483465829753,0,0,5.911832700337494,S
653,0,1,male,46.78540745133061,0,0,3.4779228146591867,C
654,1,1,female,21.777045811411767,0,0,9.899589709076057,S
655,0,2,male,69.5691510565114,0,0,18.10801453955104,S
656,0,2,male,2.7514189050374753,0,0,8.695747130903067,S
657,1,2,male,45.269580474385904,1,1,15.196618095403052,S
658,1,1,male,18.454348567035634,2,0,3.01171167274001,Q
659,1,2,male,27.61397059571802,2,0,51.24412723913445,S
660,0,3,male,30.87531927227344,2,0,15.223593301979841,
661,0,3,male,30.64125604057425,0,0,49.02211649484203,C
662,0,1,female,38.45215135605372,1,0,4.9895296034833665,S
663,1,3,male,36.74396622949292,0,1,16.744703381728964,C
664,0,3,male,40.08934304637545,0,0,48.122523144086976,S
665,0,3,male,,0,0,4.603508120594969,S
666,0,2,female,7.83605946504953,2,0,38.06677662083329,S
667,1,3,female,55.592032002083116,0,0,18.06010916708523,S
668,0,3,female,8.41009960928157,2,0,18.183568134938128,S
669,0,3,female,34.0821548108975,0,0,5.251743625803941,S
670,0,3,male,40.36966599854724,1,0,12.593884825870452,S
671,1,3,male,68.10530630287232,0,0,60.02417920801246,C
672,0,2,male,39.14105295603669,0,2,5.478441119363836,S
673,0,1,male,14.603670561921586,0,1,9.40477118805061,
674,1,1,male,16.42798931007849,0,0,12.549961716419364,S
675,0,3,male,,1,0,7.78600564671502,S
676,1,3,male,30.681967424463856,0,0,113.93876679123407,C
677,1,2,male,11.787227354446962,0,0,11.071298456603802,S
678,0,3,male,24.851664363443163,0,0,14.600058112876473,
679,0,2,male,,0,0,42.895765818727384,S
680,1,3,female,53.61654033349276,0,2,3.9108273094827806,
681,1,1,female,43.10837568117729,0,2,17.439298726606456,
682,0,1,female,31.10068939102033,0,0,21.110556689731435,S
683,0,3,female,,0,0,36.089454152364894,S
684,1,3,male,43.28143570389289,0,0,19.35739555354306,S
685,0,2,female,26.367365830758423,0,0,7.76073343328839,S
686,1,3,female,49.70775382090658,1,2,0.7592826766209193,S
687,1,1,male,41.81667203265888,0,0,29.825791970311236,S
688,1,3,male,16.635639800511985,0,0,17.73145278409302,S
689,1,3,male,49.649999096271756,0,0,5.496272543012937,S
690,0,1,male,56.06525841952813,0,2,6.0772480862784315,
691,1,2,female,23.03795577627713,0,0,16.972333352253724,S
692,0,3,female,31.082751076378607,0,0,8.15646269034187,C
693,1,3,male,0.42,0,0,12.86406751888589,S
694,0,1,male,11.02596420717812,0,0,20.640844007641387,Q
695,1,1,male,0.42,0,0,5.2568799054049276,S
696,0,3,male,31.63249332345337,0,0,9.328126607815156,C
697,0,3,female,28.61651834810477,1,0,45.84599416316907,C
698,0,3,male,17.24686305700139,0,1,5.513332158816514,S
699,0,2,female,,1,0,22.34101404845208,S
700,0,3,male,29.2245217183534,0,0,28.520828444540413,S
701,1,3,male,28.56223028634059,0,0,24.664113305201603,C
702,0,2,male,15.31832481867792,1,0,51.10971288756101,S
703,0,2,male,10.64967814698334,1,0,4.645066432703253,S
704,1,3,male,25.501168402858777,0,0,22.265968716992926,S
705,1,3,male,31.969347392495358,0,0,30.07629711646928,S
706,0,2,male,0.42,0,0,14.35227896570766,S
707,1,2,female,12.44183861624833,0,1,1.6248501067961538,Q
708,1,3,female,18.29425220615783,0,0,39.864078827235424,C
709,0,3,male,,0,1,1.2434027175642177,S
710,1,2,male,35.24717333419728,0,0,7.110739868360136,S
711,0,2,male,5.660021815539942,0,0,11.391451731675483,C
712,1,3,male,37.837187922263674,1,0,49.40129256833014,
713,1,1,male,31.591203371763164,0,0,4.845274738784147,S
714,1,3,male,41.4653337245788,1,2,37.66334289604898,S
715,1,2,female,34.16575641083962,0,0,1.7465331925031948,
716,1,1,female,30.848434371415152,0,1,15.659514870253357,
717,1,3,male,13.261397958373824,0,0,5.3033123635971,S
718,0,2,female,0.42,0,0,13.337887322076059,
719,1,2,male,29.16165688965493,1,0,17.882635490544715,S
720,1,2,male,36.15907361750891,0,0,8.03339826161849,S
721,1,3,female,25.491921355798368,0,0,25.924012614572113,C
722,1,3,female,20.40913191660502,1,0,64.77000970774374,S
723,0,1,male,34.82382823133706,2,0,46.84461041865056,S
724,1,3,female,30.100041671637996,0,0,3.9980056216887823,S
725,0,3,female,23.633309864300635,0,0,0.49634337745734713,Q
726,0,3,male,,0,0,2.25511150726475,S
727,1,1,male,,1,0,16.299179158971643,S
728,0,1,female,69.6015462602272,0,0,5.676390909691825,S
729,0,1,female,14.210158400537447,0,0,13.106760731023236,Q
730,0,3,male,21.615318360586144,0,0,8.842832959492343,S
731,1,3,male,12.112298632821293,1,0,8.374473542399564,C
732,0,1,female,63.99088896701243,1,0,0.34340736513156217,Q
733,1,2,male,38.57399713130786,0,0,3.174958674461787,S
734,1,1,female,27.943976272818016,0,0,19.728946971397598,
735,0,3,male,45.357982578333925,2,1,69.38324599763014,S
736,0,2,male,47.32593777814668,0,1,0.7982126414364921,S
737,0,1,male,43.19953063765416,0,0,46.98261774912438,S
738,1,3,female,59.145134378345425,0,0,9.311981602062252,S
739,1,2,male,,0,0,53.97366049594715,S
740,1,3,male,24.66773815971885,0,1,3.4727875459444495,C
741,0,3,male,31.50381093196642,0,0,36.94838000161403,
742,0,3,male,38.60049985088022,1,0,22.991833069391607,S
743,1,1,female,30.75942490628483,0,0,10.540939457160885,S
744,1,1,female,10.102389399592031,1,0,5.2799314897088925,Q
745,0,1,male,29.575933443115797,0,0,3.3681727026276427,Q
746,1,3,male,34.517642759906195,1,0,7.943201072650755,S
747,0,3,male,24.643553364279096,0,0,42.19797279029382,S
748,0,3,male,51.39260143746819,0,0,3.6984840412217177,C
749,0,3,male,29.170244535578867,0,0,19.19778925063374,S
750,0,3,male,49.50236861070534,0,0,60.832719588763965,S
751,0,3,male,20.36778258392343,0,0,3.5300401811942104,S
752,1,3,male,29.73247441099831,0,0,2.9768220387634976,S
753,0,3,male,10.87394646196449,0,0,2.2787217449248742,
754,0,2,female,38.564644284949,0,2,1.7158748979163743,S
755,1,3,male,14.726480089359965,0,0,70.4894903877355,
756,1,1,male,52.63720430419576,1,0,10.62543739990327,Q
757,0,3,male,36.54939505014001,1,0,60.191616855440415,S
758,1,3,male,7.049653061035674,2,1,3.482615356574784,
759,0,1,male,10.292617794788669,0,0,2.1783238453525366,S
760,0,3,male,29.775193944179325,1,1,23.0468167813251,C
761,1,2,female,,2,0,26.16851126169528,Q
762,1,1,male,52.07334693859296,0,0,6.925872775109554,C
763,1,1,male,24.99294165979045,0,0,35.037506656367405,C
764,1,3,female,,2,0,3.965931523636707,C
765,0,3,male,38.14178517197167,0,0,0.9831671869001949,Q
766,0,2,male,48.150719851564666,2,0,29.540042625914776,S
767,0,2,male,24.99455474608854,1,0,1.08572404737827,S
768,0,2,male,48.71899039728849,2,0,10.900728739532697,S
769,1,3,female,38.18566621633698,0,1,69.94900657455287,
770,0,1,male,44.28357582867571,0,2,10.022975304282843,S
771,0,1,female,38.93648424957155,1,0,9.236890102216076,
772,0,2,male,46.999253660861584,1,0,85.23391302817056,S
773,0,3,male,41.97854531186451,2,0,40.862680579938704,C
774,1,3,female,,0,0,18.35646281924611,S
775,0,1,male,17.285882018197174,0,1,20.177429492910417,C
776,1,2,male,36.618569436292844,0,0,15.650865985926222,S
777,1,3,female,,2,0,9.380229343314406,C
778,0,2,male,14.19107217996812,1,0,8.698203871626786,Q
779,0,2,male,46.81177858036771,1,0,9.420513373143324,
780,0,3,male,22.054873382706894,1,2,11.655554344466612,
781,0,2,female,40.425037421227536,2,0,16.765326624506915,S
782,0,3,female,50.38382135526527,1,0,138.75474161162202,S
783,0,3,male,30.953082436329332,1,0,65.63028400468171,S
784,1,2,female,34.80819666901161,0,1,17.46024305163167,S
785,1,3,male,27.40803386048076,2,0,32.7334080615451,S
786,1,1,female,22.840371592830433,2,0,8.043328901385028,S
787,1,1,male,32.632490371575685,0,0,6.9608489508996065,
788,0,2,female,22.734776892014704,0,0,157.44615796865352,
789,1,3,female,,0,0,46.10598668351135,C
790,1,3,male,,0,0,48.414328485957334,S
791,0,2,female,27.31794855519156,0,0,44.20604037502231,S
792,1,3,male,32.496625203059466,0,0,12.755852386163468,
793,1,3,female,26.538236583649127,0,2,24.909875783543903,S
794,1,3,male,42.294680465469106,0,0,10.94559588211542,
795,1,3,male,58.32309184261578,0,0,14.544052053394909,S
796,0,2,female,55.25345634908595,0,2,71.38441242426593,S
797,1,3,female,16.58456978715417,0,0,5.052019892314956,Q
798,1,3,male,19.98915923948538,0,0,24.41774439682015,S
799,0,1,male,60.73961295944058,0,0,2.4919889749886623,C
800,0,3,male,,1,0,25.589497942988306,C
801,0,3,female,0.42,0,0,17.267109412513033,S
802,1,3,male,6.8197868669788875,0,1,3.246159477028361,S
803,1,2,male,30.587705395700535,2,0,23.72765137338532,S
804,0,1,male,28.794548861453816,0,0,67.90720466796148,S
805,0,3,male,8.117894776955385,0,0,5.304155119896853,
806,1,1,female,23.620696863918305,0,0,11.90931761368732,S
807,0,3,male,12.53948493602961,1,0,46.400031826010796,S
808,0,1,male,12.13235605740541,1,0,4.809032588878083,Q
809,0,1,female,31.042410923494582,0,0,8.770956373866893,S
810,0,1,male,44.18905302884104,1,0,4.434218531127039,S
811,1,3,male,30.848763735259148,1,0,74.24597071551837,S
812,0,2,female,18.813248398045076,2,0,10.30777891817075,
813,1,3,male,8.821800030698299,0,0,2.5166595651505808,S
814,1,1,female,28.725270901902476,0,0,3.8040233309986204,
815,0,2,female,33.62027843686527,1,0,59.3850024708661,C
816,1,3,male,32.90471467862266,1,1,25.63900133829975,Q
817,0,2,male,3.223101696039599,2,0,3.7676630945079923,
818,1,3,male,14.186371325266556,0,0,2.3526189362390713,C
819,0,1,female,16.349117878481454,0,0,9.175716757598995,C
820,1,3,male,29.300005684307376,1,0,17.672073887774808,
821,0,1,male,19.08102300106431,0,0,18.54507867081918,C
822,0,1,male,44.22051121668208,0,0,10.741040072173176,S
823,1,3,male,32.68635210440203,0,0,6.1897878539912625,C
824,0,3,male,31.663456424892914,2,0,14.367564429039708,Q
825,1,3,male,42.87051221967347,0,0,55.53892127570543,S
826,0,3,male,8.040120135635448,0,0,9.133840634685253,S
827,0,2,female,29.620451993277943,0,0,15.462329437294617,S
828,0,2,male,7.330310848370765,0,0,10.307371339025382,S
829,1,1,male,32.616591506023,1,0,5.543643297291413,S
830,0,1,male,29.1781843968852,1,0,9.154879104072553,S
831,0,3,male,31.482583523615165,0,0,11.570851988694418,S
832,1,1,male,27.82525395864327,0,0,12.183116110070255,Q
833,1,2,male,21.986290263460894,0,2,7.974017355191112,S
834,1,3,male,,0,1,8.805075851543805,Q
835,1,3,male,13.972761068679194,0,0,4.126640605002777,Q
836,1,3,female,21.92674897483131,0,0,6.935469741087714,S
837,1,3,male,,0,0,28.710380292154802,S
838,1,2,male,42.39359413819368,0,1,5.4848998545891,S
839,1,3,male,37.808697591182145,2,0,5.121260702521873,C
840,1,1,male,35.36737377836439,0,0,50.92680238840233,S
841,0,3,male,,0,0,7.299273059443011,S
842,0,3,male,54.4612462820292,0,0,19.626484886015724,S
843,0,2,female,50.72912145960018,0,0,4.52620678620831,Q
844,0,2,female,28.914206724497614,1,0,6.2929533523922085,S
845,0,2,male,25.267946204381747,1,0,14.677191295147146,C
846,0,1,female,41.6454867111122,0,2,13.652777911598905,S
847,0,1,male,48.10265041413133,0,1,24.175978259377924,
848,1,1,female,28.778850673045834,0,0,22.861542469309043,S
849,0,2,male,25.689473800004272,0,1,15.445743979217276,Q
850,0,2,male,,2,0,63.8658144658151,S
851,0,3,female,55.154105796074994,2,1,77.39605725951907,S
852,0,2,male,21.173177022616,1,0,20.216610440717364,S
853,1,2,male,24.076641164032868,0,0,121.80536585720043,S
854,1,3,male,43.347183536543106,1,0,5.889817963274042,S
855,0,1,male,25.497262890708978,1,0,18.19728648893664,S
856,0,3,female,34.62387092019844,0,0,1.4163173638920437,S
857,0,3,male,22.64456227409363,1,0,9.939816743370425,C
858,0,3,male,38.30931911610279,0,0,6.235420306602924,S
859,1,3,male,18.029055197801704,0,0,1.8972227835903928,
860,0,2,male,33.09609059870412,1,0,4.267984890743851,S
861,0,3,female,14.311282509687473,0,0,24.82012870391272,S
862,1,3,male,27.277859314004136,0,0,98.07492585147239,S
863,0,3,female,26.409195532067578,1,0,7.175965615147145,C
864,1,1,male,30.132046947643982,0,2,5.471282921654738,S
865,0,3,male,20.38882104587582,0,0,5.3185405467148446,S
866,0,1,male,44.16985767178981,0,0,8.655277466638136,S
867,0,1,female,49.66265902596979,0,0,39.406884171657246,S
868,1,1,male,19.089807339314618,0,0,54.98822977864007,S
869,0,3,female,26.69143833345899,0,0,22.617326383560137,S
870,0,3,male,28.454484038837037,1,0,54.4726374942783,S
871,0,2,male,23.921161870088,0,1,14.247343714667444,S
872,0,3,female,52.779309285587914,1,1,2.1427321468972056,S
873,1,3,male,37.06145522354488,1,0,11.824934678929937,S
874,0,1,male,22.879172170051923,1,0,47.4347367360397,C
875,0,1,female,,0,0,11.21649103456519,S
876,1,2,male,40.401707667412246,2,1,3.3367073434445644,S
877,1,3,male,50.51004673436803,2,2,24.692879600832597,S
878,1,3,female,25.943159158471435,0,0,242.8285814596366,S
879,1,3,male,30.701795449793106,0,0,8.116736005539988,S
880,1,3,female,10.077178921922265,0,0,2.419288279995468,S
881,0,2,male,0.42,0,0,2.4891676548348065,S
882,0,1,female,57.63057640553178,0,0,18.647194022141058,Q
883,0,2,female,28.688958298632965,1,0,0.942908183513689,S
884,1,3,male,33.92489603029688,1,0,30.409556412859484,S
885,1,3,female,23.241153552912763,0,0,10.960886132195132,C
886,1,3,male,34.16047115861781,1,0,12.68822386168269,S
887,1,3,male,51.90925149507861,0,0,27.58267752453513,C
888,0,3,female,52.960408829382736,1,0,4.433879989443804,S
889,1,3,male,15.393649209865249,1,0,30.52484450542016,S
890,1,2,female,21.32103473460753,0,0,1.9165339959090757,S
891,1,2,male,34.58025903213477,1,0,8.151154086174378,S
