sqft,bedrooms,bathrooms,lot_size,age,garage,price
2397.371322408986,1,1,0.38539904340737285,11.479349375070665,2.0,339121.6281319694
1889.3885590630523,2,2,0.2009803985651064,3.325204279026588,2.0,400512.04777533957
2518.150830480554,1,1,0.05,10.651530883500259,1.0,274964.0406179457
3218.4238851264204,6,2,0.09393850871923876,2.5685614672428034,2.0,491278.39496305265
1812.6773002213313,6,2,0.17203378155549548,16.674309904609547,2.0,327381.2929425104
1812.6904344406555,1,4,0.06324483111229637,21.032556897748623,1.0,279360.73318277346
3263.370252405913,1,1,0.4211288480052421,1.7546531133453764,1.0,398223.6383301017
2613.9477833223273,4,2,0.07306884121289081,9.46110678974635,3.0,393027.007345375
1624.4204912520383,5,1,0.3425594567102805,1.1026266737855337,2.0,338613.35528533545
2434.0480348687715,5,1,0.05,13.676357070204126,2.0,369150.3303988771
1629.2658457500302,1,1,0.34858016519440804,4.606119435341582,0.0,239105.45609431918
1627.4161971437945,5,2,0.22910969399986214,11.249714511918649,2.0,306678.1283239382
2193.5698172528273,3,1,0.4768796053453826,10.930403278526665,2.0,411910.5653592172
500.0,6,1,0.0802656090180505,38.72542937605846,1.0,154433.90223339698
620.0657339895738,3,4,0.16538277990826084,11.947087282263567,2.0,262992.47346385056
1550.1699766072218,3,3,0.1944351097884341,13.119981171458196,2.0,310158.7919636824
1189.735103732461,3,4,0.2271249894774532,7.703769539242254,1.0,251343.3224229829
2251.397866076219,4,2,0.1981028753646264,44.6623756855496,2.0,331412.7622884932
1273.5807395830311,4,2,0.20099821511365196,22.52126294758567,2.0,228153.073244535
870.1570389317669,3,2,0.19854061849215054,5.040596048802241,1.0,199650.25120357118
3172.5190151372435,3,1,0.05,27.888655104023048,2.0,413865.0730363992
1819.3789596107715,3,1,0.3990001752411652,8.49497881614037,1.0,284688.67759198963
2054.022563750339,2,1,0.6791704851450526,26.462206282034376,2.0,354519.0042909534
860.2014510292345,4,1,0.29474066569014823,25.964600456329347,,177111.26233674734
1564.4938203798538,1,3,0.07963737282125594,3.139907580480496,0.0,188295.51154842763
2088.738071767893,1,2,0.09481920537275693,18.116757425102534,2.0,406996.458337932
1079.2051380621579,6,2,0.34197610028373515,5.150944647213335,,279159.2081207171
2300.5584146765377,1,2,0.3078204213772365,5.296491654818011,3.0,406008.50701258855
1519.489048064956,1,1,0.20735648341699925,5.272072087212116,,184395.78663062857
1766.6450001653786,1,1,0.36301065563187784,19.395790109033584,1.0,241192.00910670494
1518.6347102164825,3,4,0.05,3.917083048507171,2.0,299588.1816415384
3481.82254760715,1,2,0.3631093190846686,0.013593686441436872,2.0,338286.5312670322
1989.2022202096528,3,4,0.28566417468923394,18.84146263636011,1.0,334623.0674694074
1153.8312568352799,6,4,0.10060780138251516,2.8163700016724373,2.0,335906.9535470197
2658.0359296825513,1,2,0.05,1.6553009791531932,2.0,363513.4340223748
1023.3250800231822,2,1,0.2681990924118441,4.067608687301435,2.0,216820.95218438422
2167.090876003804,3,3,0.4610857205151645,7.168130489201634,3.0,401475.4676799347
500.0,3,3,0.21578601520044488,9.691272694101286,1.0,182350.3176002659
937.4511608812556,6,1,0.12209724756507406,0.6839073100584165,2.0,263574.79706884903
2157.4889886952988,5,1,0.2786932390204379,52.887809434061836,1.0,295751.68065759377
2590.7732639963283,2,4,0.5231307715185212,18.885046268306507,2.0,419067.811274942
2137.0946249519766,1,1,0.3146949719595574,5.855560529996263,2.0,281011.5174818623
1907.4813740894076,6,4,0.3309102982314112,5.75622773254494,3.0,473081.6454949299
1759.117043528569,5,1,0.4334197953955834,8.92785893007475,2.0,324212.4918652346
817.182407706058,3,3,0.32088360990757336,14.762314533512079,3.0,253431.48626736074
1424.1246332842331,2,3,0.13285454392597687,2.3739154014231802,2.0,301367.7937406762
1631.48898323217,3,3,0.05,3.1410102867216048,3.0,349767.6176545642
2845.6977809751324,2,2,0.11175203203326065,29.43123443939128,2.0,354143.07211571094
2274.894631654769,4,1,0.0842910542353488,4.440854137489016,2.0,401944.5878430832
589.5678757098128,3,1,0.3488962179266991,7.175255449135991,1.0,140290.7644034697
2259.2671755158362,3,2,0.36975220770236616,30.750787049386734,1.0,290278.4705655872
1691.9341756669469,6,2,0.2763358092573232,16.321666616669695,0.0,316517.83779959055
1458.462399755233,1,2,0.05969620347352406,6.271688552317144,2.0,290910.36265343183
2489.3410310726945,4,3,0.5179895535890044,17.26594068682122,,402879.79082789354
2824.799617996761,2,3,0.18756846792406173,0.298192649109247,2.0,449375.91965718375
2745.024095292959,2,1,0.34052215154523047,19.956802957651746,3.0,349285.9481297886
1328.6259814218893,3,2,0.25739872550493387,10.012660535446027,3.0,268247.93183077464
1752.6300993190284,3,1,0.2812995224874872,25.16431779707567,,282940.03281961783
2265.0107451228514,1,2,0.33522760050105965,46.39609286064742,1.0,286993.10963284754
2780.4361016978874,3,1,0.14559697575985725,39.01255231851926,2.0,403339.66638523043
1616.6606097237682,2,1,0.4458103639397749,35.99718881521734,,247179.66411669852
1851.4728186689463,4,1,0.05,10.766823062182816,2.0,242756.26195280137
1114.9320207951773,6,2,0.09421655409461735,6.697637709420057,2.0,254882.74946725596
1043.0347007354635,5,1,0.44386440615056244,9.383318427000178,2.0,269307.74974120996
2650.0206579153582,5,1,0.3385007141656707,17.562713468681764,2.0,339891.56788298686
3084.9920228566584,3,2,0.631058664652215,32.312188847337815,2.0,396061.65083719563
1942.3919027357329,3,4,0.2602525665479696,3.4787217766987704,1.0,404255.3645968295
2802.8263183136196,1,1,0.505064394468864,,2.0,333868.4759283424
2289.308820038107,3,1,0.05,25.325612334532696,2.0,343913.33133265923
1483.9041963159007,4,4,0.05,57.84599729296619,1.0,257317.55583865006
2289.116484406731,6,2,0.3843288306125461,31.835457764978393,0.0,322746.94068310305
3230.429253172775,2,1,0.05,4.9262554299810795,2.0,350617.25365941064
1971.3391687120388,1,1,0.2203948589485766,1.6800028328198433,1.0,272690.54353768326
3251.714924651205,2,3,0.42508136254707374,1.78582575471976,1.0,526499.1852648685
500.0,2,1,0.32517568967330024,5.163221683557327,2.0,150599.7441968477
2657.522003500179,1,3,0.2516642830479369,14.285909875474633,2.0,391718.3202000362
2069.637654590537,2,3,0.18263387967560274,24.469144102898017,1.0,260025.59125326466
1760.794119627306,5,2,0.2803338811887947,34.426741876851125,0.0,252475.64098432835
2073.408621228402,6,2,0.3365872558563295,14.66265686941185,2.0,402785.16666308884
500.0,4,4,0.15086584945207254,0.08470842552551998,0.0,212143.8913300339
1824.2624897299904,2,1,0.3057604042018071,3.092762235964692,3.0,337390.8246718253
2285.6900572093973,5,1,0.4117646116298066,1.5758451597302836,2.0,312826.4671676072
3182.315235793213,4,2,0.21662828000502127,6.772427009812796,1.0,426852.24882039055
1585.383825381082,3,1,0.26021842752109775,10.437792371758288,1.0,226821.96937315495
1353.2051176854497,4,3,0.3225668251004167,0.6655049747060789,0.0,262415.3769321091
1598.5943651323707,1,3,0.3327001324134616,6.426661164146092,1.0,267064.85953415395
2732.3216941616593,2,4,0.38176803594976594,2.961765629832723,1.0,469610.38707178744
2263.000887727748,2,1,0.09784375660270753,15.622290196170978,2.0,324886.7811723534
1576.191836986369,3,1,0.17066162464220347,,1.0,281781.04513831023
2410.613946490685,5,1,0.17621819619255194,10.257390771633027,2.0,357710.70376640104
2077.6620394784322,3,1,0.11441317522559849,8.37116400916349,2.0,274752.85345491185
2774.9159924263113,5,2,0.05,46.860205665513554,1.0,427431.06503333605
1438.357524898118,2,1,0.05,3.626012968287351,0.0,201062.84412053158
1737.8702827217853,4,1,0.429317906762947,10.905656289219921,,244699.08126328062
1686.313477494274,5,2,0.05,19.978079508939985,0.0,277806.0672430845
829.1880414943053,2,4,0.4849763690058862,12.207515380673936,2.0,276255.8940999414
2236.8962216516607,1,1,0.3609114232924694,39.68054415361811,1.0,265178.0998449442
2208.8442177439115,1,1,0.18914674302906204,7.121464685434066,2.0,285749.91200457845
2004.0907653139686,4,1,0.34246331572221006,9.345246911668438,2.0,323264.0611899895
1812.3302932998824,3,1,0.3137699870070582,1.3903225053356867,2.0,319555.91060177406
867.7034063596686,4,4,0.08473384555903393,14.085681682123143,2.0,272230.0954105223
1663.4837417877127,1,2,0.2477533339555554,5.099626805829951,2.0,312414.3936129682
1725.8283867785844,1,2,0.1030241841187762,2.6208203853499072,1.0,248074.39301988092
1358.178184622705,2,2,0.34811920032566385,11.796423971426279,1.0,213641.41764191445
1870.9714306671926,2,5,0.1427168572300918,11.399252382853998,2.0,456337.9579400854
2323.2406854516307,1,3,0.23550556957049915,1.1835645084638233,1.0,348899.25826192513
3508.948720968424,2,4,0.22903016214838756,17.97062907571638,2.0,546453.9416434561
2139.6622502654714,5,3,0.2682368500809073,14.663406646985667,2.0,418469.3357149003
2206.0403125782113,2,1,0.4993832621671033,,,348819.44539952255
1940.4432673870663,3,3,0.21385591257161227,9.507188140576998,2.0,342253.6670428377
500.0,4,2,0.4326890712961773,19.111794217227132,,145739.0380911261
1978.7888996406266,2,3,0.32199954915025564,11.30734128486779,2.0,306237.96161619236
2048.184167952821,2,3,0.4627603819054874,7.55003307391605,2.0,372268.06999719737
3970.593689988229,2,1,0.19923463227777713,5.83660974589882,2.0,364913.7690697154
1846.111228175102,5,1,0.35442043629543524,14.139284469564062,2.0,335579.13387345744
2241.23787386689,3,4,0.24110979660994883,41.97997415795658,2.0,393611.88743649045
1972.2305842358053,2,1,0.05,16.709460714773652,2.0,306596.51564083307
1065.0575699043743,4,2,0.08652346224692867,1.1653032063144073,2.0,275198.7224434278
2914.2582516120165,6,3,0.33735654189291275,,2.0,546858.6291345786
2601.5464261494194,1,1,0.3274397374419998,33.221928369323514,2.0,381017.6776463615
2632.8255576344372,6,1,0.055753391704761485,1.4883976049017777,,415640.4137106111
1272.490036164209,3,3,0.28305513232570056,67.47936698013235,,233428.3047429618
3122.235448748879,1,2,0.3254890339788258,44.65936848764921,0.0,334277.187395744
878.5191497661754,2,1,0.244800164539359,1.2226170178469389,2.0,201149.1016432287
2469.4856750402164,1,2,0.3593227956489454,40.63876092284828,2.0,320204.45490220847
3752.364500647983,4,1,0.33888329618931534,6.7679068957471165,3.0,600808.1909682641
1207.5709398954493,3,1,0.24472846308929386,27.936833681198436,0.0,179785.6298660161
1546.9618163177824,2,2,0.17337627717038223,8.129155561867437,2.0,264747.2501267706
2079.721092070113,1,1,0.40638123881387644,8.720199738817536,2.0,344898.84165742534
1597.2194767070407,2,3,0.3194743146818232,15.08679523870145,1.0,267564.42810588423
759.4692551470939,3,2,0.05,22.34002483206439,0.0,127761.41010955261
2054.850379844822,3,4,0.28313464841220815,0.515597975207909,2.0,393702.7805505219
1150.1570290191162,1,1,0.07734629358133996,13.489881726061196,2.0,174702.2000229878
2378.873944508145,6,1,0.10531481013562374,3.100437042121641,1.0,410165.3466822034
1264.4606126129574,2,1,0.15221349469215445,6.368561110384534,,208438.6837935156
3239.947524014032,3,4,0.2567309853489553,,2.0,499585.3919914942
1373.3973661310104,4,1,0.3061728366386928,9.496603488978565,2.0,298820.05189250136
1742.3507870354595,3,5,0.18865871661380926,6.100056780864988,3.0,369253.08993509883
2650.8137738957357,6,1,0.19522260755593984,1.703597517827608,2.0,450947.13644736464
1015.3085468528358,5,3,0.17451345170474783,2.360841708847903,3.0,286951.2312888695
2181.9679476833035,2,2,0.4071270455631443,0.5101472769238764,2.0,366792.9665650382
3045.7142034259423,1,1,0.05,9.530225328389665,1.0,377822.60663506057
714.0134123510179,5,1,0.20369838854878258,46.33341074395532,1.0,154598.45090167248
2147.7070868258434,3,1,0.48174771930735494,1.8439633463092555,2.0,353194.30399788776
2207.9062353987388,5,2,0.32758450754160806,43.85521928399506,2.0,374223.29115443386
2625.4582974218483,1,3,0.4400270860850687,19.827922887183313,2.0,378787.30132438726
1010.4394312975344,3,2,0.05,15.220912536634136,2.0,243188.8118699009
943.6347095325789,3,3,0.0636626152796316,15.54630307666235,2.0,269496.38241042
2417.553252493518,3,3,0.32710722110297014,26.293359534719823,2.0,351006.3720636979
2237.5877385865488,2,1,0.4825945889886502,1.696184468928235,1.0,377948.91506385984
2200.3942802767015,1,2,0.07881456747329083,10.54051985262452,2.0,308775.38336554373
2277.1585675975807,4,2,0.19183573259402162,17.914849575857833,1.0,413076.5967198079
1455.9802227372074,1,2,0.3102196212800492,13.25809534214576,3.0,269795.5354405068
2185.802957728803,6,4,0.05,26.82659119289109,1.0,416788.67767144187
2234.457978638945,2,1,0.32825368893714746,1.1252456842527676,3.0,389267.695814273
1428.5188655789057,3,1,0.05,17.601704401632105,,185284.74520188128
3492.619608915805,3,1,0.32383591966972824,11.45443730835692,1.0,447223.9706600662
2379.06633672943,6,2,0.10073725481682361,7.150249062460865,0.0,418463.8373885968
1046.9572022378811,2,1,0.18286042142253797,6.238982557929794,2.0,200911.25885299686
2525.2428869070636,1,1,0.34778259219054514,14.546663537975187,2.0,326154.87480877637
1220.254663818143,5,1,0.3170878233238376,33.24547444795535,2.0,220839.87578062702
2629.6676829939615,2,2,0.24880281934724433,10.282921973560946,3.0,474413.0639731712
2926.8764632059233,6,2,0.39535608274530243,26.120829531223645,2.0,443914.34537066787
1343.4541453186316,3,3,0.05,7.716391009964866,2.0,318223.94427901274
2770.7009033954573,4,1,0.2806621557252121,1.6203686299545035,2.0,394257.02747626253
2330.224741549199,2,5,0.1314744803712276,0.9521780301541193,1.0,439644.6547236437
2657.648127995592,1,5,0.38770472030199793,0.7904832473718255,1.0,458590.23782531824
3517.434386123158,3,1,0.35306006044541793,7.174169920760987,3.0,490749.9118808358
1803.6895071977035,5,4,0.35850223282960075,6.170084274808096,3.0,391128.4286850447
1397.0110685140085,3,2,0.4968072749060702,18.98437368733484,3.0,285603.2842263677
1288.3884562995813,2,3,0.41895212986524666,20.36977333215343,3.0,274814.4201415783
1347.3517720276495,3,2,0.22638679993398836,0.7828891982304281,1.0,282462.7324522033
1938.3186324687167,3,3,0.24980982197687546,3.7485371675717936,2.0,363303.23548840976
2272.921579853315,2,2,0.34014075710675895,4.808490065493995,2.0,319403.09074634704
2221.3526394640153,2,2,0.2704262012121744,11.898225378580793,3.0,359460.71860094834
2661.746599228819,3,2,0.3557759982864577,2.3413047171108543,2.0,411163.56739665236
2010.4015135023255,2,2,0.05,2.157037451124724,2.0,252639.62277658872
3162.8272617258535,1,1,0.5321205278189973,43.17961261045095,2.0,377149.1085232277
1788.274533409635,2,4,0.2591542875334481,24.46014595948857,1.0,324188.95497946994
4176.135333271695,4,4,0.05,2.9887487836546507,0.0,549457.1941185291
2500.533878212005,4,1,0.1129309972624718,7.8274848353006945,,387485.78797838953
1314.273954866974,4,3,0.05,6.5920465109321285,2.0,311741.63705793157
1143.28600155111,3,1,0.08646473797213738,23.481607805148595,1.0,178826.25570210398
2385.9779321945484,3,2,0.22866273570403214,10.70676758602295,2.0,401678.07506587106
1821.2297717393194,1,1,0.4772071918741604,2.051903249353743,2.0,331042.7362685768
2571.2003952736736,4,3,0.31160118781297014,20.14806694138123,2.0,358161.0756067799
2378.5900996588357,2,2,0.28492909179468634,7.5847848813118866,1.0,327812.3174420475
1941.7368698745017,2,1,0.07973432181764323,4.575969109727314,2.0,361978.37699291745
1322.565025545276,2,1,0.1263272041519733,7.062026143302985,2.0,235459.61007529267
788.1222202513084,6,1,0.13796084599417074,10.330055156676773,2.0,234559.86322851345
1642.788038346383,1,4,0.14408070817208418,6.303706500464805,2.0,302175.1950210658
2685.119035458778,2,2,0.1972694685627093,4.154213857510801,0.0,388089.9178843161
2171.274995304163,2,2,0.20859834074252787,7.624981747211845,,308013.0104729403
1003.4089770304096,2,3,0.19913824395597277,0.290386419543447,1.0,245847.03787563933
2138.544740680946,5,5,0.14930136545972766,,1.0,388065.18151063786
2308.2539037830693,3,3,0.27025797487183395,2.8120297901343574,2.0,366793.0184089769
1292.9140510390935,1,1,0.20283778249498374,0.6734639155663954,3.0,243010.9246965557
2122.9800847564225,3,1,0.05,15.906690796838262,2.0,312435.4744953655
2046.5669747568,5,2,0.25515727333869026,22.30406555720582,1.0,318430.5842864163
1085.6237617355014,4,2,0.23248540033276352,25.21635569425299,2.0,272229.9111904401
2286.2298882786267,4,2,0.05,10.203736276405134,2.0,343393.92476954946
2448.6276210945875,5,3,0.1613047829955193,3.448145954995531,2.0,440565.8252715741
2866.4409945402217,2,1,0.3395608841517038,20.047009720470687,2.0,404189.71176373627
2843.041641627922,3,1,0.07953250920089433,18.045252778628083,2.0,390232.9296742695
897.8645056343271,2,3,0.06367313954072598,4.240830588755001,2.0,246392.43638432436
1249.7399680679018,6,2,0.2012674567012392,35.05885244132496,1.0,243923.56578197412
2412.028213766928,3,3,0.3434398404717946,1.6534428857973127,,410799.688730045
2411.028760729767,4,1,0.5215491386084044,60.845538240355225,1.0,331640.92804524157
2412.0381490448385,5,3,0.3488403032280526,29.51826754834797,2.0,454220.08329873334
5082.185192523777,4,3,0.41272416102341625,17.4664093453895,,573187.6433265076
2456.712408554534,3,1,0.30200464427524953,41.89184408334353,2.0,350875.64257759124
2908.452512144479,3,3,0.14723260305359046,19.218811540564335,1.0,445848.9281711667
2763.201410794562,1,4,0.3477566614895369,3.169280765957312,1.0,393646.72452118254
2521.1130010446386,4,2,0.23715879266078185,8.755142597452409,1.0,359385.15431878925
1747.7846042877236,4,1,0.3065550756742019,,1.0,273373.3537663285
2607.175376394614,3,4,0.10809552604735584,7.406023149723752,2.0,388956.5242580105
1381.7398283699426,2,1,0.3199668701259709,20.29887290147224,3.0,276108.21387628186
1810.545114607993,5,1,0.23192377048511553,7.32724022359406,3.0,436404.8236750193
1611.7091617367173,1,3,0.28468866207761256,6.013750963177951,2.0,278022.83601258165
2065.499311509058,6,1,0.23723902377623018,13.571203875253339,2.0,347819.09329946694
3851.726853338807,3,4,0.20841953269874758,30.859862637640006,2.0,540564.802465743
506.18784592660154,4,3,0.3227036169427613,0.7312877557726754,1.0,177217.37201471056
2549.0081522996106,2,1,0.18908633066626546,7.303473575375789,2.0,332216.9895698831
709.8273030482787,1,2,0.05,2.583918334004583,2.0,174896.79242268144
1622.4545073684533,4,3,0.05,17.829084828333453,2.0,288586.3143576978
2871.160477573893,3,2,0.27766248541404664,1.676121799639496,,458337.0859003588
2051.42401527637,4,1,0.1829173277906716,16.39576585146799,1.0,263703.74417355575
1137.804177656555,3,4,0.05,5.056885037682671,1.0,284759.91210745176
1427.7570325920256,1,1,0.26598024505806706,,3.0,301332.4409246737
2543.6781991477405,1,1,0.23591881675399612,41.31594210851371,2.0,321675.4765952813
1415.7066946262908,3,1,0.17505796101659016,0.2804745834722719,2.0,261400.0608559301
2173.16687166558,2,3,0.28702139772712787,8.637857913541321,2.0,371970.6653116999
2036.4574719230511,6,1,0.4472641015161706,0.3279642504050889,1.0,344790.6989471071
1478.7197219153463,2,2,0.44268860780277086,,2.0,223064.5533751492
3715.1552714602603,4,1,0.2715646964662877,,2.0,455245.6523178148
2507.135217854409,3,1,0.23729343507057196,5.821654276749417,2.0,371340.948334013
500.0,6,2,0.2736602811417521,2.1262494199463084,3.0,241482.11937770818
2149.163451815542,5,4,0.29635103991615225,7.08339236412492,1.0,386016.09096274537
1470.5708281852897,4,4,0.20975527344129172,16.733154573359318,0.0,294267.6029658163
2681.946667836979,1,3,0.27618145899296537,22.876162536624616,2.0,389698.3555974034
1365.9834092538395,6,4,0.05,11.34931330862609,2.0,384557.3848928818
1908.2108468264807,1,1,0.26220233250201463,13.367914272529438,3.0,309404.8832513013
2403.989823184366,2,2,0.3215220392536907,3.358714682698226,2.0,386286.2860695259
2692.6041553360974,1,1,0.1765237086990391,5.081058995762935,3.0,355724.46757763356
1039.7628743553792,3,1,0.2356791033570852,2.649189238725708,,197747.0519322633
1732.3990113272412,2,4,0.08327419289483143,4.30114470314667,2.0,319347.9275943485
1620.043751071235,1,2,0.06245296255610297,3.821192554009914,2.0,246940.47325757085
1477.3366139410305,1,1,0.2816222616938786,10.99232208387297,1.0,207306.61630281896
3412.3633922248773,1,3,0.14056554763935758,12.406651621344666,3.0,434063.6420245685
2323.9853687687646,1,1,0.05,43.491998480232205,,299693.4779463768
991.2928365319639,5,2,0.0832332551298337,3.264331969854674,2.0,245656.48370454967
2734.289557643821,2,2,0.10504313593118966,15.394752976004211,2.0,369343.58919174835
3697.7249576101067,6,1,0.3661870746597612,25.495303516987434,2.0,521531.3338421041
2825.9722084409177,2,2,0.2768671017052701,12.322942260458012,2.0,449507.19465411024
784.5040272367892,5,5,0.119259670276405,4.415639449509051,0.0,299844.01785955695
1612.6127417069988,2,2,0.16183511425432606,4.568359523840201,2.0,336827.4154397116
3013.528919349298,1,3,0.44681266241608386,0.6006634101280284,,390656.5148887993
1433.8644275049755,1,1,0.3904153652795427,5.467242189999032,2.0,233393.5522826467
2355.0555425169828,2,2,0.08229093580272581,20.47408110533719,1.0,296447.4588269233
2619.7072427434696,3,1,0.424528878943949,0.7302572233827415,0.0,360333.92787068576
1258.4556227375338,2,3,0.2379056787325285,3.713374248394615,1.0,256729.45844199546
1952.3797151505598,1,2,0.3699417439084366,18.374499537484198,2.0,282849.48305558367
500.0,5,1,0.22550380674977397,22.893802678868788,0.0,124552.38798435766
1180.489886932568,5,2,0.42787437981132626,9.113308405478003,3.0,288378.664242915
1797.9454788854719,2,1,0.0760569082690302,17.963616687163842,1.0,176765.6657151297
1001.7734544281204,1,2,0.2116824352927726,7.3641726559673355,1.0,159589.30821822412
3305.9290431453082,3,5,0.43246896668486756,2.6137516911687104,1.0,564640.4380050137
855.8868976314939,1,3,0.05,7.616192889344809,,178244.62320075542
1647.964410642413,2,4,0.2430907893813302,13.011359281137446,,367602.06888413784
2104.592461828873,6,2,0.1909680520190219,44.363051050973354,2.0,387981.01169413805
3153.018631252892,6,2,0.3526991845815618,,2.0,460070.2844426037
851.3102790564485,3,1,0.4104870153116458,10.620687054136072,,163177.9784846508
2930.5310017239676,3,2,0.35954257289604463,5.982998903759433,1.0,339881.2160372094
2008.1864488156696,3,1,0.2861500380095868,10.648654323062837,2.0,300845.65589799377
1214.7930791616393,1,1,0.256084682214304,0.36401304763434705,3.0,246044.21977767232
2369.6827794106166,3,2,0.19859340677801532,5.631868407717085,1.0,315866.03681690234
2159.247756458776,4,3,0.28149589322869467,25.710992737654646,2.0,390423.71175854513
1519.8264982729643,4,1,0.4689482244378264,12.109585408701165,2.0,312440.7987409129
2055.841667992015,1,2,0.1254231552583688,8.983449597335024,1.0,269449.87478890026
1691.7491225105919,3,1,0.18968777873138895,5.04311058153588,2.0,249941.10940830002
2090.8138762009985,1,2,0.2386735041149789,5.308236758517772,0.0,308089.45077920245
2529.7045396168373,2,1,0.4001399018793503,7.245759999471501,2.0,367016.9515729581
3268.8134529162817,4,1,0.28349535093283085,27.079119734949607,1.0,500309.0587370555
1009.7476009385208,6,3,0.3975222843317786,51.2659423690424,,272075.33461156505
3706.4266997250133,3,3,0.4051164985755401,8.66130402851042,,495140.80748500064
500.0,2,1,0.33880552387299706,,3.0,166653.67324673236
1878.5719239715334,4,1,0.090400957515167,28.115783306656343,1.0,257857.06746254078
2470.653765187661,2,3,0.4991640867845072,8.350565121382436,2.0,340748.3542496582
2224.793494188026,4,3,0.4618571006639052,12.045039158246922,2.0,349308.27224015817
1501.840384143525,2,3,0.2595310075753505,3.938826803615382,,348251.9457464291
1833.5021997141798,6,1,0.05,20.409547507476695,2.0,316244.2598410686
1605.5992522729339,2,1,0.05,11.388930336242131,2.0,241033.9182349751
1528.5081944446308,1,1,0.2881473439830565,24.834941379135042,1.0,187435.3022755985
2679.68167761682,5,4,0.1447374336803821,,1.0,415771.3753463191
2285.612388772038,3,1,0.05,3.6311645317126886,,381229.57420026127
1445.6723237914766,2,3,0.05,18.862478862414562,1.0,246712.29519992985
2719.6799003466003,5,1,0.17950261400049874,24.145649838007262,,376434.7342522089
2245.8396167012875,4,1,0.27923943607164675,6.372178765531251,0.0,344339.6605766964
2650.2896950711684,4,4,0.460856957652374,2.8421705837578353,2.0,557208.5947816169
2503.70307353889,6,1,0.3226331161520263,0.0395343868777356,,447559.7242008962
1336.8039912623422,2,2,0.19278932042928784,8.992220363902558,2.0,276995.6188221063
1551.8551678424244,2,4,0.3069924336509199,6.517989019339254,2.0,363572.6095454514
2597.8348840986096,5,1,0.29358513783829865,12.142175950854345,1.0,318985.1557884726
2488.296212346772,4,1,0.3609317810793909,3.124583201061807,2.0,467157.57615620026
1983.2787248286816,3,1,0.24400868296242034,29.45590140189837,1.0,300858.2225328946
2093.8619066470255,2,2,0.40542966265181657,4.471142882157567,3.0,388283.2735003871
3022.13191663074,4,1,0.37366777003412277,3.851079072299612,,441436.844133219
1526.742888931336,4,1,0.2624050005457855,9.829508949551636,3.0,269381.46717641887
2437.6779049360302,5,1,0.23211634656011434,10.362777964552194,,328742.8334287255
1838.2458780528848,1,3,0.38796227184856397,3.6327020819222637,1.0,313023.5255033255
1825.8550374182237,2,1,0.1429788522839442,4.758944094605182,1.0,231264.88983467186
2879.021481589752,1,1,0.05,2.789617615328826,,320362.39630082605
2660.3330791904236,4,3,0.05,19.012220684510318,1.0,347827.88439459464
2650.8077088005107,1,1,0.13054382873657364,22.050947061113995,2.0,321689.1436218417
3044.3830457234635,3,2,0.34894784481658747,9.307612430691034,1.0,365419.0162508475
2016.8030733062074,1,1,0.18658017180852046,18.78101684378686,2.0,236814.62055170786
2545.562377035971,2,1,0.2806774004216839,19.973422174005552,2.0,360472.7698922184
1751.786594725235,5,3,0.17570558936783964,2.2322954563609008,2.0,345470.0992630756
2259.3330819907537,4,1,0.1768963951024051,50.799668023898896,1.0,274940.15809042245
1895.8855565058523,3,4,0.09618044882332696,25.80821946703601,1.0,298408.5184920592
2077.5967719941746,3,2,0.23621565618764676,3.4314546145335534,2.0,446758.2995689044
2476.125620349531,5,1,0.22372543963315647,3.0899652022839668,1.0,398528.1888868845
1345.423453413222,3,4,0.3118997534772733,2.014309097675358,2.0,346218.03328764776
3673.909820548368,2,2,0.29315464105175765,2.234089086942802,1.0,437996.76130983635
1195.1860948002384,1,1,0.22042789285623807,,2.0,204690.82089512498
1028.6491097698142,2,1,0.05,9.513392096196407,2.0,191391.56844739508
2926.4886988000544,1,2,0.4105869201367417,22.91331930021354,2.0,364297.8785048474
2633.330155170349,2,1,0.23724334914429648,20.571375553376768,1.0,393211.2526741262
2499.295853641724,1,2,0.2619464034840845,13.918342834367843,1.0,347959.61689861695
2502.676407411424,3,2,0.49007425987165865,17.392957680762112,2.0,412873.83545613324
1990.2025817224683,3,1,0.3862333189893925,0.2778942155915882,2.0,300690.05006679567
1282.1965028113348,6,1,0.31696737982250955,5.604649582189757,1.0,238727.79969926245
2060.643646554981,5,5,0.24965413189437619,15.2342995537313,,400991.6473987896
1458.2706307903106,6,1,0.24825316767487704,0.14083337266263038,,276289.2559182495
2780.095786734201,1,5,0.2860171746582793,,2.0,484793.3375604634
1882.354094798289,2,4,0.3110360088784948,28.646796244552455,1.0,331207.0387386936
1339.6022425659908,4,2,0.5067102633676202,17.281376170966443,2.0,293927.1507540057
1742.8913266776053,2,1,0.6209899124144216,4.625819168916954,2.0,325603.2044768986
2330.3451634204994,1,1,0.2935391208105324,17.469494941216976,2.0,321335.7435120641
1549.0203577568202,4,3,0.05,23.58622706530085,2.0,277332.50016053324
1342.2236835468548,4,2,0.107238329006242,5.49642711111653,,278455.1137432578
2194.94976919353,1,1,0.5217245322807651,0.550541376940543,,334510.26874860376
2195.973256886978,4,4,0.35779789423836195,40.49657152747941,0.0,368294.5547671578
1594.4454597030963,3,2,0.3139069730867494,6.350919649941223,2.0,310622.7336198924
1623.1693555053419,1,1,0.22497431328928588,1.6888280124798272,2.0,242197.5816084444
2185.639949886109,2,3,0.07164669111610236,10.154881827921402,2.0,385999.8513887598
841.5325268021406,1,2,0.5016684632118253,21.945544552934344,2.0,199612.72852020498
874.0289804987558,2,4,0.1265184622788867,,1.0,259743.23903368492
1425.2446229980512,2,4,0.35939677248074176,4.710186408885619,2.0,318540.1983399748
1829.2422786305222,3,1,0.05489473453687846,4.170233892536837,1.0,243335.387786919
2248.7260524784037,4,4,0.21769769727575855,71.82387564557814,2.0,395590.8704953169
3180.284973559642,4,1,0.39894356956794463,3.298552098062648,1.0,414316.98852275003
2686.1276985616155,1,3,0.21254587412998094,12.853363495901288,2.0,402949.20748545247
1872.0491760292582,3,3,0.19473251869509584,38.90702941360368,0.0,267919.50403936673
1984.787033677849,1,2,0.2515954402523022,2.3831172469420894,2.0,315106.6377759912
1197.976508289753,3,3,0.05,53.03166578609242,2.0,220457.50070885546
1985.189491206088,1,1,0.05,,1.0,180999.3132904411
1769.0730888638893,4,4,0.3571354724040892,32.38662311856145,2.0,317065.5758876272
2258.1748482704716,5,3,0.18666851115733005,3.6226016960687892,2.0,463268.2965192195
1338.2152451581417,1,1,0.3559727140872184,15.07908574733179,2.0,231040.77164788693
2415.477211392938,3,2,0.4177274525726062,21.462566131336672,1.0,417982.41789362754
3226.1911304020623,3,1,0.4297963913493196,64.06042219419146,,354054.1359941202
1912.991881234514,3,1,0.05,2.9845189280525664,2.0,304877.1605236814
2321.3693776791533,2,3,0.1453256067619153,21.78817277184754,2.0,399212.5956357414
2552.11519336889,3,1,0.33063779605657084,6.205510236548711,,359006.1699251684
1679.023622491331,3,1,0.3329502507855478,2.896972999575217,2.0,282254.3475820179
2179.2739854483334,4,1,0.5874156376294435,8.206560517652013,1.0,333998.04098792066
2010.073920625436,3,4,0.11385797001503778,23.686243264449917,1.0,318183.34013210377
2078.1408788390654,1,3,0.4252252602181147,9.378117461195231,0.0,310369.1556415605
1381.5921729156269,2,1,0.30584119150578104,11.567380044929836,1.0,178274.00494275254
2019.608139407154,4,1,0.05,79.96078059298159,2.0,296307.4131691307
2398.39863299636,1,4,0.16782771449101075,7.640133357154715,2.0,348587.3503919069
3160.9148862360335,4,2,0.28937920184849875,14.333301122278492,1.0,347811.7851077168
2767.4166608681653,2,1,0.05,6.817723852924135,3.0,397017.00404923013
3722.545966009245,1,2,0.05,7.4831012109602675,2.0,454447.923624449
1386.1219496895606,5,1,0.05,17.843198147762998,3.0,288049.4025817303
2697.856509376543,6,3,0.28887004826265084,41.68199380967678,2.0,456380.1470964942
2146.6736045906814,1,3,0.177299911189984,11.725052052719173,2.0,358526.0295879101
3751.842346574138,6,5,0.15700664540295728,21.941148397487197,0.0,644043.6645661963
1353.3613717158787,4,1,0.1621567247251408,1.4015871896843923,1.0,229992.98228469264
1328.2225262553793,3,3,0.05,3.5578391869025525,0.0,255096.87026034185
1520.4858836447822,3,1,0.18153952257398387,10.461293641456438,2.0,284498.1793870588
500.0,1,4,0.05,0.30322005413370356,1.0,126723.30164852802
1579.3959826553912,3,2,0.428146170903836,4.372439617334542,2.0,284147.56809393864
1392.6938707570416,3,3,0.5038494581015827,10.928546976798351,1.0,247043.12668775875
2120.315029180966,1,1,0.05,0.22611368929080483,2.0,312711.063865154
2273.4047806217277,1,2,0.17963055110138676,4.609015088512195,1.0,322243.4631820567
3500.936671372709,2,2,0.18939828540478032,10.824151074777506,1.0,459622.09370189207
2760.33907054884,4,2,0.22382732400744623,12.76981280610654,1.0,387248.41045618267
1538.4770754700776,6,1,0.40022956365616,39.005104554764344,2.0,288816.750465837
1281.2682629213136,3,4,0.18006838267091035,15.549173255571642,1.0,270804.873053509
2393.5353372052045,3,1,0.2367622805903069,8.035378711393099,2.0,343790.1457689011
943.8134343834863,2,1,0.6968582445702083,39.964342193839116,,150082.9470696282
3465.167012683483,1,2,0.23330606385920397,23.048597033991708,1.0,370728.0968405553
2943.5520965770297,1,2,0.5149359790449108,3.347320541509822,2.0,388781.3218615905
1624.6594783162361,2,5,0.32529814860832496,,0.0,310347.3737447196
629.492376727298,6,1,0.16694365103862258,16.89645841434221,3.0,230591.73773303835
3083.0978993323306,6,1,0.1418899019236854,12.310725818067555,3.0,433974.64446310396
1908.3681237979058,3,2,0.24890911075004402,23.386421021701928,0.0,278986.327744512
2990.2530495787696,3,1,0.08102903128801636,20.137323238677237,1.0,351596.58044253255
724.4578729645064,2,4,0.12042010504064496,14.720902536858224,1.0,181957.40789694953
1520.4999816369818,5,4,0.18654090984613309,64.44563152637558,2.0,296666.3409993081
2004.1949597745465,3,2,0.2940015312890844,11.440344370491715,2.0,308426.7231330134
2037.5844750117935,2,1,0.5238995817611569,1.8004429981187675,2.0,327031.31308723503
1639.947622816605,2,1,0.1772568359802606,26.427788421927204,,237565.76387458903
2498.279945877999,2,4,0.319227706956717,4.352344208642188,1.0,376116.46203679347
1145.9036564939245,3,1,0.05,22.52909026011398,2.0,198950.48467563442
1886.0964119829653,1,5,0.40904329613309753,47.23573311984257,2.0,359365.37230143225
2096.236505369519,6,1,0.05,17.900217445368824,2.0,367301.9789895797
2411.551067246999,4,1,0.36975797081521516,13.596225894363158,2.0,311772.99447274575
2569.291902471112,6,3,0.23786125700772948,9.25352303096204,2.0,500148.01497757004
1100.2863265297046,2,1,0.23190205858903157,6.798020501608676,1.0,199631.29612172942
772.7086634115021,5,3,0.20496029231217536,6.531244913801539,2.0,278156.96676257614
3022.1414575188073,2,2,0.05481210634118533,15.174387790363179,2.0,446165.2078313014
2265.851209583673,3,2,0.06275942351967956,20.87099759512452,0.0,294293.7553219507
1401.210770754757,6,1,0.37547802340584735,17.022162449671193,3.0,347141.66569986794
3240.9215804180185,6,2,0.25179051702720817,3.3173722503046243,1.0,465681.1597243209
2092.539707434287,5,1,0.20386648972281068,10.217899114962218,2.0,384253.18254239333
2943.4377472510614,4,1,0.3165096925954085,23.527324088093476,2.0,425729.46063478466
2054.014785128087,3,1,0.26519654248318775,9.685485266762848,,236250.40048096632
3648.5983399055895,1,5,0.131060267509018,11.538223575763416,3.0,606862.8032245139
3404.2726739545633,4,4,0.6191494338763872,22.11941323183732,2.0,532313.9451150683
1800.8286812167412,3,3,0.3611134567754661,16.238071385332116,2.0,327867.4029179288
2777.256760763484,4,1,0.26906028600393334,7.897845816365479,1.0,371092.915012393
2516.300759668118,2,2,0.17295830466790907,33.86599885003444,1.0,309540.20268403325
3094.905246025879,2,1,0.3929139533791286,2.6612115071383813,1.0,410694.2948235211
1228.0612315359165,4,4,0.13186481954108564,,1.0,192225.24550358276
2548.841167998751,4,1,0.11923378885461053,1.8979549910787037,2.0,327936.99833294103
2846.73958947967,1,1,0.5039988453610573,0.22594272514105704,,374977.8794541739
593.0084108615085,2,3,0.25460127641060637,33.11170134868626,,185748.86894361174
1053.39318986738,4,1,0.13549762199273313,4.214639299586137,2.0,234047.05939258588
500.0,2,3,0.2508528547059516,19.623321711077473,2.0,203281.7740758652
1784.4745324443538,3,1,0.3775279830772564,24.991344241176286,,285467.354326026
2574.0338046367697,5,2,0.3431881680932789,29.383483136381486,2.0,444737.4499125993
3201.885641676822,2,2,0.39613933946296775,71.68256367037473,2.0,361410.0778345747
2059.2758243358203,2,1,0.06256661458907797,5.222944343795534,2.0,290611.9138851164
3302.8924364570335,2,3,0.3923723742512266,18.580707275183308,1.0,446752.2441145883
895.9188334280868,2,3,0.22314118359232804,,1.0,210765.6697549665
637.2940485158763,4,1,0.26336511500558146,7.833589979265351,2.0,194279.2664593877
1955.561840882705,2,1,0.43142417404671685,28.255328209013072,2.0,263679.1114481237
2307.252359151446,2,3,0.3554088509906934,6.8748744719510295,2.0,321112.45772035635
1973.8442015247256,3,1,0.30265787214320183,13.414100315688426,3.0,360501.18817371223
500.0,2,1,0.05,10.510840347887264,0.0,96765.79201591515
1928.7039683897692,2,1,0.243174721692957,15.57482186187239,2.0,271685.60175707075
956.4243995961174,2,3,0.13229869186442494,54.12021808290898,,169318.1588473949
2535.738039064031,5,4,0.35665679565960445,0.8602348420560506,2.0,467631.1286402876
2293.278596877479,4,2,0.3986437280553492,12.798384034341982,,429210.9594278987
1248.0961709381158,4,1,0.2046953465825855,29.819766641124165,1.0,182637.6906380819
1588.9064661306452,4,2,0.14994377863169694,9.848836050656415,2.0,302654.3428987749
1152.6291824888388,4,1,0.4834451193273899,1.2267300621467994,2.0,262668.6863239609
1949.8567221814626,4,3,0.15952786494794585,12.33310657388311,,341036.4770448335
2764.1138564009907,1,2,0.0708193739445622,6.053665898542522,2.0,437140.63848806254
1211.419162931565,1,2,0.12509932704715843,2.5252464136017467,2.0,227027.7293989411
2403.2372124142757,4,2,0.16675009178286848,28.360560496250063,3.0,424676.7298472501
1575.7939053020473,1,1,0.12079554205756779,11.059605875266293,1.0,209417.5857052985
1365.7017341901246,4,3,0.37680870749171086,40.607951266204616,1.0,287625.2603943135
1914.3757120363537,1,2,0.05,24.599732982172007,2.0,294991.31659047527
1171.8061420645008,2,1,0.11761593828317063,17.712234879849465,0.0,150171.155258208
1557.0805557222543,2,2,0.24287538318177054,0.07557260512445918,,300099.3974481057
1041.6976859289211,1,2,0.28153693300034394,8.374615394726035,,172900.61729519535
3571.7801063331117,4,2,0.5037752256286876,3.300094944142113,2.0,494391.3274265961
2028.2108415773828,6,2,0.4817856569145529,36.25276231403582,2.0,377723.5468166694
1440.2195936059315,3,3,0.05,2.8780163811893584,,263907.78513107274
2171.1839285873775,4,1,0.05,5.0543463921756535,0.0,305407.0270221749
1910.137560247336,5,2,0.25374568935564984,10.911010911336835,2.0,352028.9812652446
1823.2243203734215,3,2,0.1490222145305368,4.584913286184876,2.0,298012.96767861466
2491.33336003474,2,3,0.07119604870252216,,1.0,404410.71489670913
2606.006168037844,3,2,0.2524181346190982,13.710623638196227,3.0,429560.54516272317
1575.599081911578,2,4,0.28460459775016517,1.3970253330944506,1.0,303756.6522889449
1539.345407484256,2,2,0.12415473405337338,0.8989216211915529,2.0,290971.2624925274
1779.9586422786847,4,1,0.15638728824437592,6.984086793705516,,257219.6726206141
500.0,1,1,0.13569377089185256,19.130123216648922,1.0,118066.1743797031
787.8471502411583,5,1,0.18827631381680793,12.138702600087385,,246667.29480869338
3093.4994139556197,2,2,0.3312166149084606,8.245484139151195,1.0,331651.95657647634
3315.974170801027,3,4,0.08831412082726198,12.51207713994837,0.0,502190.8606981066
1800.7711683548973,6,1,0.15389725097535983,6.822622986351052,1.0,292209.28501516255
2461.245570444613,3,1,0.19010767853717472,41.26741957142302,2.0,363738.5275652737
2249.000123634829,3,2,0.248987139226729,0.8470456802077944,2.0,376018.58406110026
4463.10464676419,6,1,0.2913976739368708,,2.0,509227.4077017249
2895.6599291476614,3,1,0.5563386760766187,33.28506030546757,0.0,358218.4569180813
1897.6659268153867,1,3,0.3358188576412585,24.435788579206847,1.0,287417.4387275274
1235.5676475196594,1,2,0.33938970205587493,3.050868195808248,2.0,270403.0043212988
714.8429437939419,3,3,0.21000804800806944,5.2630846555566215,0.0,191210.45815624268
2162.7709086937784,1,1,0.10302013064538512,18.93716685618837,2.0,251858.96977138397
1394.9194037725574,2,1,0.17076789777253265,1.3205149233461921,0.0,216425.44119769937
862.1970323218607,1,2,0.14345012646776625,25.058669211205277,2.0,166156.4149375728
1482.7416926059786,3,4,0.3088346013331849,19.036042597185386,1.0,345372.6102051802
1134.761597108484,1,3,0.05,19.618162882246008,,213504.66031070717
3349.7133080580516,2,1,0.3388800579380866,1.584431112197849,,416344.0281985336
2705.3118055595605,4,4,0.2324140615845962,18.974991547427848,0.0,370038.96356467577
1993.6218869467061,3,1,0.3600022349033557,17.082991289330952,1.0,275806.03981657757
3183.9553111120204,4,3,0.14141377162685898,26.66097052514016,1.0,409945.54116078885
2061.8946461180944,2,1,0.11479454277366316,0.6372874854735106,1.0,319972.6817134646
1310.972638937389,2,1,0.18899969214423346,0.3507286067952666,2.0,208214.15391783888
3218.4992618157257,3,2,0.1854026120869261,7.0023009297540115,2.0,496057.43553290854
2431.128034947727,1,3,0.3709522616612395,2.416415943217838,2.0,416084.768660451
1170.203076538835,2,1,0.3695207249585598,12.259734513108935,2.0,253988.51321814244
1847.7290575331135,4,3,0.5357534625303128,37.39690745848496,2.0,345669.7842508318
1299.5053972921942,6,2,0.17567617832231555,7.4508758435510725,2.0,279324.19295005634
893.7602152285313,4,2,0.05,27.960151000057902,,210241.69330076504
2740.942038025313,1,2,0.18858661404537733,0.0036135529918882563,2.0,411625.1435376385
3527.5333123761043,4,1,0.28459868878125355,2.7681238709882754,2.0,498402.6236627881
881.145940944687,4,5,0.3571796036578253,0.46343912486760713,1.0,301163.94803765934
2450.3753893524568,1,2,0.2955406406925579,5.965739716060243,0.0,351015.53399352176
1479.4859447025383,5,2,0.17555837003654512,35.82044476707601,2.0,302545.89727968606
1610.2996929882431,2,1,0.5071246536123335,1.5296956155059924,1.0,265013.13859608973
1526.0848606089046,1,4,0.09493962991566604,13.986674301009744,2.0,235183.15856950506
1308.807384256147,4,1,0.2088032727157243,9.008408935251005,,241751.11301623302
2038.8173023558616,3,1,0.08801352387087882,41.82302048402141,0.0,222092.8005086596
1335.2399068711698,3,5,0.2529365143135258,1.9605020810572595,1.0,252087.37896513293
2216.365460623871,6,1,0.4883508638159304,3.574387995386798,2.0,357833.89232820045
1959.8095124406905,4,2,0.2288611114151781,0.44980682440553205,2.0,347391.13616356294
1808.8415625068722,6,1,0.22978002218597812,8.535702110663392,1.0,315466.7686523544
1273.9490703667216,3,3,0.05,4.882480887322093,2.0,294175.7421147629
1538.5829355453338,2,2,0.20695117213135017,30.59246257093841,2.0,248406.89452664938
2604.312980660605,3,5,0.42257305750500274,13.930795279503362,1.0,448484.1373738376
2400.7337500995045,2,3,0.21246457515143882,,0.0,312777.0632059986
1217.955804161159,5,2,0.20233146791315337,11.386442739575305,2.0,286725.29679646785
2079.465844343381,4,2,0.41585718637649394,1.4451913068481181,1.0,368181.7653700533
2601.109698697431,3,1,0.2029653830544153,8.832312452585544,2.0,431860.6944929707
664.4757751029026,5,1,0.44380804483406844,100.0,2.0,126760.39723513977
2434.688153903948,3,1,0.0573040606918383,27.04800619529609,,339105.8145273762
1469.9009928433227,1,3,0.35167809622615454,33.58838849710655,2.0,278234.0303633771
2456.4789348745276,3,1,0.49694938115431847,25.993278459817045,2.0,307748.39386026026
1389.3926747659866,6,1,0.401178534618237,1.631188484619149,1.0,350776.84993580624
556.0943194683848,3,1,0.05,3.870844311363718,1.0,161244.76068874012
697.9660496934698,2,2,0.15425451378536742,0.04689800810495787,2.0,163666.96467316055
2038.4679573291055,5,3,0.21370727130133255,5.425530339952538,2.0,408743.03352308006
2207.7780013771853,2,4,0.4014933245060621,1.7245548402698365,1.0,353010.13308640907
1276.5466999164732,4,2,0.05025728256828463,9.602440097290263,3.0,283820.87318140734
2510.8739670218993,1,3,0.09715949944110283,16.95746602712694,1.0,350869.4824805086
670.7839501848321,3,3,0.05,31.132375692582738,0.0,158513.58253819664
1947.1361610821468,6,2,0.1261299624868279,20.747518708752843,0.0,295817.8348285617
1031.1870401900346,3,3,0.06225900145415306,41.85166312351798,2.0,209454.18263835486
1478.5311137582726,5,1,0.48968587902946126,,2.0,328285.6408340838
2037.9189370531312,6,2,0.15289340940280505,,1.0,387200.80220295367
1311.6693077728382,5,2,0.35363879381950125,16.241295829043317,1.0,245152.4105781579
1692.3555646161396,4,4,0.2526954260828305,5.12367939565688,,400652.59207405744
2805.0342473715523,3,2,0.25059419213868817,4.385415347453922,2.0,396393.8542667243
1538.486504381481,4,2,0.1612834270690841,6.027036830370603,0.0,280570.4274666356
2668.5536896521135,1,2,0.3655033730696062,4.716471166602212,,428952.6606717844
1096.2345162739055,6,2,0.27315163489635114,10.74428451598771,1.0,283758.14194100536
2423.8433423322263,2,1,0.264511586940857,8.701254220842168,3.0,348703.36588745296
3153.2548965263204,4,2,0.1609869084733115,10.774776570069546,1.0,362164.3628455034
500.0,1,3,0.1855336110770469,16.753795283549245,2.0,167164.36120241758
1362.4837956236186,1,1,0.3383366676363137,7.344049016796612,1.0,205465.502155685
2461.657701744432,6,3,0.28450834173182515,4.341407656766546,0.0,367149.3211571007
1837.5636911656059,4,3,0.268520847176281,2.726435360184132,2.0,397910.9643050967
2296.916698697047,5,1,0.1368936262498679,6.449612944823645,2.0,373153.93734811887
1516.8118506273436,1,1,0.5416161555288241,20.310688189452204,2.0,223754.3251390919
2069.27182997832,5,4,0.1780439890663265,21.202203160517303,2.0,423008.2203946298
1875.4582116863364,1,2,0.24546210074118693,16.489930579287794,2.0,305963.77368899004
2934.225649327846,2,1,0.22194495566879188,3.999148384544821,2.0,371829.4490841453
2203.5366746409704,1,1,0.5432066795891932,,1.0,330497.49165944563
2270.0821296601616,4,1,0.20637780809386191,12.68362832990575,2.0,434198.6584892352
1670.4984271020262,3,2,0.192648708853652,9.932468016390295,2.0,268858.1606312787
1609.9150207420053,1,3,0.2677466722175004,11.976915005749394,1.0,257581.75571988395
1653.9534497443033,3,2,0.1459688665806722,10.152926637084516,2.0,307568.2803213295
2315.5617139026376,2,1,0.26673995753522706,12.501883740211104,1.0,377484.4978795397
1663.2124153437896,2,1,0.6057405370251654,18.8556443364267,1.0,234206.21067948404
2231.8198855171304,1,4,0.29495433333266374,1.7417421659359393,2.0,345372.13332010305
3660.320638916351,3,1,0.2894868882589872,20.771977336359402,2.0,429804.65543385915
2696.8997627453537,2,1,0.1423142660636182,2.190761222601312,1.0,392317.7205646124
1739.1811742657271,3,3,0.5063810731529444,1.0342716310584457,,304971.67166916
2960.971137731156,3,1,0.5408549051196969,55.99540848231181,3.0,372531.70826113893
1673.5397015827589,5,1,0.3779020563740516,47.19545639984572,,265036.9087580967
500.0,6,3,0.34807498345935683,0.9350988165123282,2.0,274681.7820473435
1193.5309512660767,3,2,0.21478519728417744,8.784677313431427,2.0,283758.75467260287
503.36646317931536,5,2,0.3087006371266934,3.091437978950594,2.0,229773.2144139165
1718.7892127669531,2,2,0.1247263592706239,9.963874587650551,3.0,320946.7075213057
2014.7347033516414,2,2,0.08108290363318901,26.594999875550812,2.0,295785.733594744
3341.1498498202263,4,3,0.05,45.12064857477889,2.0,401301.3105928241
2261.5418990113303,3,3,0.31160109599121977,15.087187408969328,2.0,374029.203708797
1824.7195769529085,2,5,0.05,6.552146398085889,,360671.8910320929
2663.5244649467913,1,1,0.17505468953312756,13.869590989917436,2.0,330868.8415475646
500.0,5,3,0.24081559371970343,5.6095250919606094,2.0,203660.44571949975
2188.491646486853,3,1,0.39929355992830473,36.08981969621821,1.0,259500.12537571543
2616.6921551095734,4,1,0.16326697500686202,30.64959102626782,1.0,342827.536015092
817.1310033761267,1,2,0.41699084691090893,12.254547844633773,1.0,186193.6351103604
2915.003234565543,3,3,0.39087383697162725,5.891170940005956,0.0,479152.20507064555
2270.797125995531,4,1,0.08930375084935382,5.209138991419744,0.0,300704.3730760889
1667.769668879359,2,4,0.41842382408279133,0.5098370436070384,2.0,322299.2836033175
2506.225492885028,2,1,0.2074628316787696,25.37769538975344,2.0,323115.9063630701
3816.554286243517,2,1,0.17515733144111229,8.9780099186911,2.0,431057.1635021294
2145.493004046796,4,2,0.2080970086880012,5.898593076996153,2.0,398127.744774412
2198.576469040269,5,1,0.24947414098619888,9.554632192017255,2.0,446393.1015065159
1632.5112803678048,2,4,0.18774330993435479,25.617175918228202,2.0,285758.8341970465
1320.1245044281666,2,1,0.1240462509458129,1.9963587647649446,2.0,208060.1890921179
2664.2686532353964,4,2,0.13731166094579894,29.242627997605247,,406194.0695873803
1315.1329392729062,1,1,0.27084142145560236,34.169680204467625,3.0,227910.98819758426
2057.252989775514,3,1,0.2259304672274433,43.97951187802837,2.0,297689.68350683054
1617.8740425879066,1,1,0.32909645400993454,7.599715263403787,1.0,267272.5540762103
2383.1838605971134,2,2,0.2578544345804894,3.6720287185766596,2.0,317315.3666853299
2266.9296842295585,2,1,0.26155209939756374,7.017469500136197,2.0,286353.4598717683
2830.0319554063194,1,2,0.3389218352251431,6.072501779880067,1.0,367830.66265135957
1591.9868809162024,4,3,0.4628377107869026,2.9065733030635057,2.0,351649.5345713834
1784.100051765303,5,4,0.46885335224378333,14.019366709628963,1.0,354777.12663486466
1216.9890273741541,1,2,0.45106096301713267,9.711831759722754,0.0,236181.25945388054
1644.5653919391107,4,2,0.3805673754611961,,3.0,318182.203152099
2301.8403944358815,1,3,0.5628115933138222,0.4895460163625038,2.0,361751.3777236367
2605.5908933162814,6,3,0.31567356493653587,15.486804403742942,,466586.411432211
1262.2677406578996,5,2,0.29883187229831076,21.592191879368656,2.0,312205.3042569697
2695.684736084528,1,3,0.5865881913254574,21.374690184371264,1.0,350136.6132013162
3084.5102870439605,5,1,0.05,32.5830881301435,2.0,417144.9970370269
2330.7479225789607,1,4,0.21791552670335224,,2.0,406296.14505687606
3501.436650046453,4,1,0.43787435937249997,39.42681901193878,3.0,539044.0399324625
1380.9686407171416,2,5,0.39703944290825255,6.066757840580726,,313560.69474443
1004.2762373508664,1,2,0.6348477362253446,10.493800550346117,2.0,281495.3856054988
577.0238008765771,3,1,0.26612285774971284,0.21269583072149684,3.0,252547.1247116887
3196.8354491913465,3,1,0.18537735964177063,0.1047285625593635,2.0,381437.5432512148
2523.492525083246,6,1,0.2001872879988707,4.119051981589813,3.0,368245.14943796507
1955.5322632716359,1,2,0.29771022442918715,1.5938670571583633,1.0,311828.67415565025
2223.974901055856,3,1,0.49324713939269815,4.520861488953338,3.0,434769.54445180413
1099.6087621612987,5,4,0.49512115133282375,2.9227752815117523,2.0,329224.40718416084
3956.601583693461,1,3,0.24159779922494928,0.4340193399893967,0.0,458084.8231823929
2103.376945580182,3,1,0.2879512730016688,36.003654577777326,3.0,301766.0593925754
2087.5158356839142,4,2,0.15825976311957038,0.12385691750362206,2.0,323728.3222600048
2580.6132991189534,2,1,0.17391766785916823,19.981760655688273,2.0,386181.03139086044
2384.8073853893707,3,1,0.4069385820155758,2.4757358002659293,2.0,357192.46980990726
2179.107219423305,6,2,0.49033170830975137,36.49546823508159,1.0,371824.7893503972
1367.6204356437506,1,3,0.1454074479295279,33.49531731154093,2.0,192532.59993503787
2377.1746857087965,3,2,0.2864434528197027,15.91546260892459,2.0,408320.88008820306
3505.619597180027,3,2,0.2135382915881188,16.7318369530317,0.0,454752.525872018
3076.336036923982,1,1,0.37958074893280097,0.08030169188257982,1.0,334555.75320696173
3274.5493013115174,1,1,0.19172259664653168,,0.0,317181.8523494909
1591.027458855052,2,2,0.05,31.53544609324254,2.0,250185.91570316345
1208.3161437931353,2,3,0.4005536066668003,33.8221067179755,2.0,235916.68743868632
1899.3704639202815,6,3,0.2044774555214891,16.148852646023563,2.0,272536.1545373973
2044.5799298309557,1,3,0.22008344261679172,,3.0,335406.48266169033
2875.3532147767587,3,3,0.31533818750377585,33.615105523939725,2.0,437530.9867198844
646.0282962281444,3,1,0.302925046472893,5.169436696220442,1.0,155551.382754298
3223.640255568491,4,1,0.31841824881285835,12.407433266414612,3.0,470216.6891222861
1873.5936811368085,2,2,0.05,1.5759246106122857,,354425.9771102415
1658.495144042064,3,1,0.3334463518054739,38.25716654356949,2.0,257255.1565929499
1190.3164997918661,4,4,0.05,2.2757875860786076,2.0,244411.1092222204
676.1146625073845,2,1,0.3654347715671511,3.8213865689510182,3.0,203234.27308191077
2658.5364671695315,3,1,0.41775719231658703,12.251234522317285,2.0,393361.5749064287
2058.654373750723,2,4,0.05,21.66476430481613,1.0,295148.9582036246
968.0312802071569,4,1,0.29926494858723235,14.488175880626816,2.0,243977.43336707036
963.9369823491072,1,2,0.40857686944216487,3.962098899946818,0.0,143315.40252580083
1731.3722405678975,3,4,0.18264945694427,0.01415231207776439,1.0,327679.0202039189
3335.217220231514,5,2,0.35104545485629346,21.229705496471098,2.0,421916.17166050844
1792.326918909116,2,3,0.05,63.20434822132284,1.0,226623.1973794588
797.4856375055151,4,1,0.4147294177365116,24.904110746804417,0.0,166598.0736836085
1803.4055487312446,2,2,0.2544991358039764,9.248532582897898,1.0,274309.0681920365
1781.8211442018637,1,1,0.21132559350459515,35.11478491663409,2.0,233382.3929111263
500.0,3,3,0.39760621793567197,7.910618913750779,2.0,217572.21852164803
1956.5641067857503,4,3,0.5093934513585965,11.164525718421165,3.0,408110.841064097
1815.2523758330576,6,1,0.3228573762030995,9.72632950379747,,345345.9246890294
2556.9650918507346,4,3,0.49130708245733423,8.902891119707812,2.0,472245.96701531176
3479.164875956276,6,3,0.05,22.387546499186495,3.0,631652.83798586
2901.252023638206,4,3,0.34989232567510986,11.22257162490225,1.0,448795.81461936457
1784.8890475561357,1,2,0.23019942207185917,,2.0,241243.71616895963
1114.7792730066637,1,1,0.13176713429255243,4.479288337464542,2.0,215624.7391623694
4058.6878425998884,6,4,0.05,0.5771729779745182,0.0,655783.3362051839
2047.3747472115906,4,1,0.3417680573503995,13.127057712662175,2.0,422076.139597534
2011.143433530357,3,2,0.3812935080124793,3.9197198328161744,2.0,402251.8179129368
1980.6999303119974,3,2,0.4513034126489871,2.4048892495948446,0.0,288362.9422652452
2158.467808614284,3,1,0.42647356564525474,15.912377859217692,0.0,291616.3753400716
1884.511670460846,3,2,0.13424354694124446,17.1483055811781,0.0,255897.14838748443
1541.070394495811,1,5,0.4436058272968196,20.924269402418616,1.0,283355.75769751566
1562.5128470076863,1,1,0.4594521255867766,10.504900264596738,,250839.65083310823
1973.7973838272012,3,4,0.2110024112120942,33.67247191552389,2.0,394162.91465180233
1565.260183092988,1,2,0.2542642395567578,41.313631645276764,,174882.65957421274
1429.7233738582686,3,1,0.10987686894256873,24.70483360896212,3.0,237318.0685587341
2085.1441821535172,3,2,0.47213294359799984,15.142278402620086,1.0,366853.62191911304
1796.0182260633158,1,4,0.05,5.430071553748201,0.0,311163.80888259155
3203.1943908661506,2,1,0.33024560085456545,61.06960901122989,1.0,327629.4994917807
500.0,1,2,0.16047562178264305,4.805892597962722,2.0,184335.68023779598
2873.2054815379693,2,2,0.08382207706652336,3.397053466057497,2.0,447941.77100632177
2996.8681539981035,4,5,0.05,8.755088164948233,1.0,465621.184954396
500.0,4,1,0.21768908080435104,0.8777991687918553,1.0,124823.15229564291
1725.849924735721,1,1,0.060312232810314226,57.59167379788364,2.0,169146.7333094831
1702.8473072033669,3,2,0.25846291799107063,13.316772076659154,3.0,308178.44109721604
873.9906442257429,3,1,0.5154005985100937,12.211160543350195,1.0,205469.53339441383
1377.7466499272998,2,1,0.27992609896583326,15.997823809527025,1.0,226857.24543019308
1111.5393236273371,2,1,0.5495920753426973,10.308181851917066,2.0,217675.1365784715
3401.816354738898,3,1,0.10265901197827698,0.4888321603746409,2.0,449191.16756934003
2748.5427145179688,2,2,0.05785888000009787,14.213288282882305,1.0,357369.3605734783
3017.244075995327,3,2,0.09594766176575825,18.890902066836347,,437839.49950974784
2577.337651234588,2,2,0.24023491918670437,8.087066362395667,2.0,387903.6654949561
1096.7585830262167,1,1,0.6584423031586455,21.238663829441187,2.0,205739.3823944057
1580.383786976181,1,3,0.05,3.8621686694947104,2.0,234517.2142198818
2391.4996489823343,3,1,0.3429494677243637,3.7514903294224844,3.0,384398.20277797175
1022.2977528864437,4,1,0.14500519959392,2.6406255247536294,2.0,236304.20399960288
2570.3987441379104,4,3,0.21642954234235554,6.978101523959664,0.0,418583.0491801115
1807.739681473492,3,1,0.061297013310049414,,1.0,225254.52578506453
1700.143353960322,3,1,0.38187074860593095,26.396244993685528,,283374.31653722125
2568.767974562793,6,1,0.2434112300567317,7.239020722461651,1.0,419142.2986000043
2355.410649188832,4,2,0.41311803260412483,13.341765023298594,2.0,387027.30544315797
1711.227067344736,4,2,0.27628677910488414,19.138280248470167,2.0,260382.4648613325
2927.4638426913984,5,1,0.05,4.140389535635168,2.0,480155.7102310521
1135.1493379200822,1,1,0.41448141939628214,2.761386403995244,3.0,259519.40688649876
2492.748485555411,4,4,0.05,53.68477482006192,1.0,371396.60807766684
2474.4810063747072,2,3,0.05,14.417647130984527,2.0,377044.98288008606
1752.3628485488077,4,1,0.11241959798025455,59.781589733564125,2.0,206348.42910503453
2260.9064177936943,5,1,0.11442166870714954,6.181817871946377,1.0,372404.3574712962
999.1091388917577,2,3,0.4594032048072223,,,281036.64800368715
2739.221615365521,4,3,0.22432654198744542,3.7770740760009263,1.0,378875.6030052386
1852.0782908456088,1,1,0.43710779379619946,4.54092393726373,2.0,326194.57990209985
1581.8215835847684,2,2,0.16481237821210704,10.758589831078414,2.0,306854.4268429975
2839.2073806695116,4,3,0.2976469553515953,5.77651587455863,,387951.5773318424
1436.5250475657926,1,1,0.3211063467268309,2.752021356318199,2.0,232419.26771793893
873.2309629091524,1,1,0.3544098125615574,4.575082952034221,2.0,159587.53076228593
754.6966611808771,1,2,0.18026107383762435,,1.0,162868.8183428816
2484.8079610765117,3,3,0.19332176668226592,18.282420050651275,,360325.34399557376
975.6565180029736,3,2,0.20528041311012343,10.162552465616105,,201944.16828185623
3403.8353455874917,4,3,0.05,,2.0,531128.6766183058
500.0,2,1,0.23741472050975546,2.8255892903404956,2.0,169210.13181861228
3357.1650946320306,3,2,0.192447361738558,1.622709629054079,3.0,536632.9443739485
2168.8139737620945,6,4,0.3370109341116331,14.22418446154142,2.0,459483.5003401492
1922.629510503686,2,4,0.2636951756589503,1.4842228397558621,2.0,319250.91196209297
1564.0647305528403,2,2,0.4504572705179781,,2.0,274500.2866566575
2319.3088914816567,2,2,0.260513271281285,,2.0,377494.0577038111
1969.8922380601214,4,1,0.16566914556696044,4.3027520390221135,1.0,350672.91964538954
2882.6415056132173,1,1,0.2586545833248676,33.2003106546496,1.0,328077.4474340981
2091.382118929632,4,1,0.35862508613157457,19.016011380335087,2.0,352439.02528902324
2120.2414091695023,3,2,0.05,1.136513297790538,0.0,270577.100639056
1709.1102302289153,3,1,0.1427127221773614,25.816113236171063,2.0,236368.2495219719
1954.443501023146,5,1,0.1458734896171972,10.189703265679476,,294238.44169119594
2246.2414151136472,3,3,0.31164853043162505,28.13850358645573,1.0,327692.02893915353
631.8652858746996,1,1,0.32909298095379247,13.772128204780083,2.0,181979.01916347578
921.4516623154295,1,2,0.2651841591752342,17.17768466243174,2.0,185457.50307294168
2594.611275218172,3,1,0.05,75.54289787666919,,312408.7326538658
2136.6923505023533,5,2,0.05,3.9660382509320486,1.0,371824.3649932103
1852.8133309178568,4,1,0.21416022678143184,14.670320971382834,1.0,255066.4686017921
2014.7471464523146,2,2,0.17477958649622893,9.251722250682391,2.0,306996.69645125314
2278.0653642893367,6,1,0.25080555682540046,0.6037691255911284,2.0,424703.60605174094
1568.1922557525108,1,3,0.1795902756346787,0.21864543561452518,1.0,276955.6174097918
1377.35621967815,4,3,0.47974636992235553,1.9043570909598493,1.0,244037.92163720433
2156.676204078145,2,2,0.05,15.708456881022126,2.0,341626.4700796644
1217.3017779079744,3,2,0.2953941447294722,12.560914025699846,2.0,244671.68251788692
2326.6022045715777,1,2,0.37420156092452084,12.09237200034028,3.0,349897.58589902654
637.9331166097277,3,1,0.3552307687537599,0.48562845086477885,2.0,204007.39177692303
2823.324509860515,1,2,0.3680909482001777,,3.0,485384.70660944044
2378.0779859304344,3,2,0.38966738625864017,38.77876010511443,1.0,321927.8816186579
2204.8237874511005,6,1,0.1594030170089164,7.602301581408868,2.0,425754.3823569729
2786.1527871564113,3,3,0.08477743645345645,14.709337907253099,0.0,319377.5270073507
3332.3795555700613,2,1,0.05,22.699558055767646,2.0,418438.5997091881
2811.496052014504,1,1,0.1956095749480457,,2.0,333851.670154611
527.3006149346838,4,2,0.1333700314067717,10.987057055342925,1.0,178301.8316362918
976.3384266114388,4,1,0.4242413220485707,29.273847989548823,2.0,213065.97806881124
1500.145137843457,3,1,0.20686628347732977,7.448370705552804,2.0,231981.153562952
2020.872840168667,1,1,0.09543913941586632,32.93197588889427,0.0,190386.86397945762
2414.1272163752983,4,3,0.07171968190583491,4.121036903013666,2.0,343362.2059187982
1419.4049494772275,2,2,0.5483230080675692,4.932070161232653,1.0,225520.34557635474
2149.413411581663,4,2,0.2466870527512634,0.8187535348064349,2.0,394539.08471074316
1395.693654117342,1,4,0.1327743305089085,23.813813434245166,2.0,260681.67953240967
1510.7857576064414,5,1,0.2686062711658032,8.094942629171353,1.0,282795.3609651338
874.6711225214221,3,3,0.5345333734247606,3.9032725060141686,3.0,342994.9994377016
1261.4134031112767,1,2,0.19154790365506666,3.9553876063928444,1.0,205495.75010639898
918.6523155069331,2,2,0.3530516064172295,34.750251319819846,2.0,207121.35398804134
1219.3013976181337,1,1,0.4279691555995486,26.92897814892663,2.0,201966.26753773977
2842.913437286272,5,3,0.05,12.095775797859526,1.0,554788.2401276944
1240.4808889344456,1,1,0.15423813719956914,14.361019661702285,1.0,123866.22919374582
4105.905651869913,3,2,0.4091629942238295,9.646098199428227,2.0,516471.6998730674
2394.6543207047116,2,1,0.14510448413462407,7.45548147220179,2.0,361453.93059943104
2147.868898955899,3,3,0.3121938098900925,37.06095280484967,1.0,298991.5137309439
1313.3137758550292,2,3,0.13622776013127852,2.013478057447565,2.0,291760.181115981
2560.247903527193,5,1,0.18316721447321094,8.13079208988924,0.0,349937.2568279623
1539.4897390097808,4,2,0.16489542915893407,6.336771362338801,1.0,305149.66532716714
2097.607851716289,5,1,0.3455005230543748,10.341831658731655,2.0,320745.7784648479
4048.067630615036,2,2,0.2802370171299389,9.17715464755657,0.0,487931.69307921437
1923.1520802202801,3,2,0.264828916751653,10.97487556977049,,344940.88998616964
2919.4186610285406,2,1,0.6261242856788249,2.2609302246833094,2.0,426535.30437587743
1437.45885989929,1,3,0.51095461106801,10.796726334625381,3.0,313106.218904349
1972.0092076024307,3,4,0.05,4.164368564326066,2.0,415091.01240405417
3416.640508508408,1,1,0.18348854901721773,3.0562060713184587,3.0,380879.16525359434
1498.4263537697861,6,3,0.6139695511910488,1.0054718894894303,2.0,384278.59133373864
3449.9588463975433,6,1,0.16381149539679368,21.57345321842604,2.0,432169.71133764595
2566.2015483643804,3,2,0.5631618978812717,,3.0,469476.80737974215
1550.0265792845858,4,3,0.18605097776976093,14.778330640473193,2.0,292752.64617467776
2505.9261912444167,1,2,0.21490036441801558,19.506889016971606,0.0,223440.95883903315
2778.043559701384,1,1,0.37953570387037183,17.059517085956298,2.0,393223.4305265138
2497.447969773757,2,1,0.23646892374882464,9.537352079936499,3.0,366912.4642745852
743.8202240876349,3,1,0.32419369593614294,7.362858117705745,2.0,205298.27692291167
1418.290259340105,3,4,0.4862423048961458,7.073109979586282,2.0,381739.83666207665
1801.9850915587963,1,1,0.3638201400963653,15.326802056208663,2.0,278018.5924161242
1940.453256719963,4,1,0.2712298198224549,10.24184571990922,3.0,358335.0231295639
2496.5376780405422,1,2,0.5010290262576389,28.37027460615379,0.0,299910.522800572
2142.160800746603,3,1,0.38150312138126485,31.155903807170365,2.0,280750.19003499066
931.7245130319191,3,3,0.1399685255353978,2.8050744065319893,1.0,222471.8029597079
2304.1582808047706,1,3,0.5470112850166029,2.196794651709761,,455690.17646541976
2488.4685962270587,2,2,0.3463548388075267,14.930046670896052,,357305.1205036115
2447.832358344832,4,4,0.21794848466952077,5.376413212679177,1.0,408824.933322689
2864.6245804436976,2,1,0.05,0.281179793751395,1.0,409399.10229365964
2667.137723639123,1,4,0.05,32.9251657988376,2.0,322521.02598208893
2367.3440633827495,4,1,0.5050202365599905,3.860217976218797,1.0,385643.46720469627
1943.8674308330824,1,2,0.5109497877955675,39.735541135642144,,218856.24375488271
671.2312531872069,2,1,0.262792610309986,,2.0,167744.20197921316
2343.6945753060686,5,1,0.05,21.573512066153555,,334544.56574565213
2166.150149730489,1,4,0.08695371195240911,3.374581377260087,2.0,384793.02144315856
2217.2630697562986,5,1,0.05,4.002404412033372,3.0,350714.73256686993
978.6011393437525,4,1,0.05,,1.0,183914.63021689866
1135.15476767339,4,3,0.5540203553405358,2.832940902851907,1.0,302201.7222022377
2842.522282666323,3,1,0.558987686262171,5.466971504342726,2.0,400233.23773985275
1968.355876914676,6,2,0.08187292696516454,5.817232496388125,2.0,403452.28570067603
2545.2005578980998,2,1,0.2486897536153601,2.6086939276418173,3.0,397489.78930707084
2022.6547009043688,4,2,0.057280576010229595,3.444647548356997,3.0,359894.05787542916
2023.8049115965962,2,3,0.24771429302498701,23.306631396298393,2.0,321006.8582506188
2750.6270447807983,5,3,0.4958955825053644,2.7443517594711335,1.0,457273.34230193973
1587.164217426101,3,1,0.41180785762045224,0.43305229521155614,0.0,238504.09827355095
2076.8966215527867,3,1,0.37129941482459305,14.887655894977598,1.0,323374.29307539185
1630.179769035966,3,1,0.22087303941057032,55.93497505840563,1.0,200399.3413672403
1652.4030180541477,1,2,0.4392950673994547,6.034363098914802,,269772.22640293534
1752.6623012250884,3,2,0.34700031198749964,1.8946039067231317,2.0,355370.5090325501
2177.70701730697,6,4,0.3105873371973579,12.67306849332407,0.0,374137.49519570975
1617.0011026692182,3,4,0.2326885992700322,35.523537261310295,2.0,295907.58411799895
3004.6049004588167,1,4,0.2977559409271999,22.99144394899922,1.0,309858.7953101147
1284.314158224397,3,2,0.293237736680399,,2.0,236091.0769435761
1850.5026846709127,3,2,0.1687852532388609,5.676283813810877,,295741.2413477185
1648.21515338066,2,1,0.13376251994091004,,2.0,245767.66626972833
3157.5823074829864,3,2,0.10046395595044147,1.4351936018466138,2.0,421536.1115259026
2157.2438212092597,1,1,0.11007053323096103,17.04216228729427,0.0,262698.90486057696
2825.4756315749078,6,2,0.22178456866824228,19.370001028707037,2.0,419054.40729653195
811.5517015704224,1,2,0.19709726515066278,50.29966706426129,2.0,135501.5138420987
2213.640212695407,1,1,0.15688993800961654,4.524633124226284,3.0,339893.38018669747
2711.7046364987496,3,5,0.14578277878972518,0.27943295774963134,2.0,421050.76774913893
2065.827191420339,2,1,0.29378200391744747,11.831940591739333,2.0,357836.03302174126
2852.384300052281,2,3,0.4566411170761458,18.40301885097915,2.0,464133.5346682798
1586.1692399197022,3,2,0.24836264783898263,23.438849918280212,3.0,271666.2949366006
3127.477952148464,4,3,0.23855037999388468,3.230215267282605,,513727.1033639315
3839.1184988954,3,4,0.10976699609299456,4.552149669498197,2.0,628245.1419856455
1709.7291516482728,6,1,0.21653952823139383,10.779772789632444,2.0,293213.82319847314
1643.5979828793825,3,1,0.4285504510914053,6.020620502995052,2.0,260421.4684722148
3162.7075816941606,3,4,0.40561916552634586,29.546595333593576,1.0,429108.9277451779
3263.65771658457,3,3,0.3951960616411503,9.629972830306055,2.0,421938.89269466524
1581.7119782773852,5,1,0.3903803243829764,24.11000023637921,1.0,252233.0634023811
1663.8505463233141,5,2,0.3155098833347253,13.034659165507557,2.0,320756.69135021925
1774.5723129115943,4,4,0.3101810745224493,22.248036600007914,2.0,378903.94409038965
924.4395911725783,4,3,0.2867125490027161,6.067126172176279,2.0,272911.3359756817
1265.0784428126415,2,1,0.18746720799212288,26.70487239354012,2.0,206080.07270367292
1196.6873865983457,6,1,0.2625549097923264,4.814908327063884,1.0,250275.00837292217
1385.7619479166974,3,4,0.28233995255588,11.84813615101968,1.0,252803.8098989707
1972.2520900905752,2,1,0.3449752904974078,3.6121130465012277,2.0,329256.10783051065
2187.3717860292168,6,1,0.2650384730567739,9.68040626947723,1.0,377652.9297365801
3240.400394251262,4,3,0.5657742071458627,5.744738393737668,,484718.599433286
1201.3167674089673,3,3,0.06852817044131324,4.653075933714525,1.0,221496.70626179548
2787.457918781267,3,2,0.36317135496560493,51.161907320875656,2.0,439989.95426428935
1828.8089246195927,6,1,0.24381344400414198,2.6166241778099915,2.0,361151.07712970866
1960.4290322780537,4,3,0.2503219423189813,23.21991056791621,1.0,343452.5041784567
2539.855593733283,2,1,0.1281136326533788,62.18295060463943,1.0,285233.49485591747
1101.822382750161,1,1,0.40290149008730275,0.3015327836124036,2.0,189169.2804738049
2305.9277969472405,3,2,0.3479262301481736,18.011041423991895,2.0,419698.35414939164
2133.161766570445,4,1,0.37504560952055377,4.373580539511067,2.0,343261.96226053673
2393.9610112065193,5,1,0.2753868107228447,0.6199541102156741,2.0,430225.3964701483
2231.3349151262546,6,2,0.20126577780396626,7.734798342312944,3.0,493241.9652824069
3964.240111928715,2,1,0.24001576771833147,41.050868425764016,1.0,445973.7946715766
1489.8080125989472,4,3,0.315019847508346,0.17752276134813075,3.0,317073.71009335533
1575.2024359985458,4,1,0.05,13.296817820122117,,170190.608089909
1501.4875788601885,1,1,0.38093993013631866,10.439160679995469,1.0,217916.2225540779
1555.6183046717963,4,4,0.61392892220246,30.998965397061543,2.0,353895.7811522115
1490.0902981547858,5,1,0.3220502570430215,1.3161117908574964,1.0,267313.29794608965
2951.2132248860416,2,3,0.2078610063688339,17.16321800697613,1.0,408824.0432342116
3136.403398391884,5,1,0.22581471179810958,17.096657243464726,1.0,446246.0515314394
1543.402965000419,4,1,0.3561313526401253,16.588180134238886,2.0,313941.1551906259
1334.115541516617,5,3,0.21125670050273226,42.79644175106239,2.0,279636.90997722995
2377.132445109123,2,1,0.3803012907008766,25.981502743258922,2.0,329247.1449337637
1558.221564575223,2,1,0.2238788924304634,0.6431854791315703,2.0,261615.48655208177
2506.3454542044087,1,3,0.5071275199936506,9.55385215467787,2.0,392752.08774669643
2162.3384166810397,4,1,0.5029894204033282,7.611297854723596,1.0,321386.7641628784
787.4047080022144,1,1,0.20047454980885884,5.569156020837903,3.0,183188.2078346546
3238.004161064049,2,4,0.23784642448918003,9.004055525485327,1.0,440680.7923198816
3436.7021384764175,3,2,0.246644670718249,7.272354006227149,1.0,465898.49613831064
1509.769047612491,2,3,0.24865505113543906,8.493328275190748,0.0,224164.2249180508
1689.8387520512126,2,2,0.10788564324089855,58.136715486410935,,225587.09617662965
2228.692312579924,1,1,0.08691089735884719,,1.0,337516.2269440367
2267.56543198962,3,1,0.4374636357321934,38.310160666456845,,327240.19025873666
2526.8354181382642,4,2,0.41346805213062504,9.815726838951639,1.0,351354.6728728766
3608.16363101308,6,1,0.4108781071265907,14.662212797451557,1.0,545078.5284662648
1858.4422180047604,3,3,0.23959324495895062,26.595505436289194,2.0,346695.6885203769
1361.3622043692371,2,1,0.5338017654984544,6.705162712714334,2.0,253459.54756196906
896.5446175883783,3,1,0.2466296534988149,8.442890727857243,2.0,193778.76967493177
1415.2559680464647,1,1,0.3794314260849611,7.902254097280858,1.0,195129.94180130106
1973.4984217009624,2,1,0.05,7.043600368244277,1.0,273800.8213455875
3435.6462908142303,1,4,0.21553970027532243,38.96024715333268,3.0,444306.761770941
1585.910960771063,3,3,0.2266268416639275,26.485227202204953,0.0,275696.2716528381
2179.0303613111187,4,3,0.2401768692967578,1.731162602012949,2.0,453161.77273603354
1986.8616831417983,2,1,0.05117515480064713,1.716411652426598,,273353.40888907725
2950.714618758467,2,2,0.3555821391736386,8.375822890973597,3.0,500660.0675559645
4021.5459406988975,3,3,0.40429154669550665,1.5580473549184148,1.0,528142.5501681339
1575.3049816637435,2,3,0.13842109163156266,14.478004173840734,2.0,269259.23642119765
1608.4484459854223,2,4,0.07789877255180064,2.326870437483475,2.0,357887.20535861695
2835.3287016552576,3,1,0.13465875626591162,11.083886077523328,2.0,456457.42119219113
2545.513191701049,1,1,0.3243248003710271,0.10869205435914214,1.0,395572.42673274653
3477.3658605888268,6,3,0.16050949676374682,5.710043940752164,2.0,568349.776257991
2467.142548260771,2,2,0.2298902125545436,16.960404088885305,2.0,392391.9581227105
1712.5663273703524,2,1,0.08898088829459574,9.925859728591329,0.0,222482.31030786547
2472.5238645538475,2,1,0.5468929608252195,,0.0,304654.3371038844
2886.962864466326,4,1,0.26097979422441747,31.084462347385838,2.0,418020.8111619614
2656.3857449578913,1,3,0.42245729938399457,6.672543718234175,1.0,410689.2365683713
2405.819224885838,2,1,0.3239754751358255,0.6983030375146422,2.0,315652.14112575963
2853.339751671323,4,1,0.24371799175523964,28.025684901495776,,365837.2782248406
2935.436472356538,3,1,0.23595065126660833,36.32632621596706,2.0,415259.690232087
3105.7271928300215,3,5,0.1412134485043322,25.774350534898733,1.0,495296.3769144695
2518.967910071714,3,1,0.1824305273674412,2.0536267427817494,,407580.4967115116
1866.3055357465164,6,1,0.09882965026022433,92.59576338201707,1.0,236799.3051690796
2117.3709491466584,3,3,0.08247010421005826,4.487905597937318,0.0,295744.49872493633
2965.207173206685,3,2,0.5629563126327027,19.321456900797607,0.0,388046.11535125645
1346.4514632102112,1,1,0.29183685476229143,35.79518796617661,3.0,224492.74539369126
2294.938647098321,2,1,0.46985758625560897,4.0316705615450275,1.0,331786.3895997384
1685.3289501381114,4,4,0.1308906614445967,35.83171553072367,2.0,297379.15834207356
2022.995858347854,3,1,0.06225946113028838,5.554689435016611,0.0,257816.18371180777
3022.761490085839,3,2,0.10333326835617235,56.20603491707396,1.0,358033.7773570071
2152.879254415923,2,2,0.1866892172365456,4.953834425500204,2.0,263507.3334964303
2037.1492385249192,3,1,0.25547498977392397,46.0038570770152,,309251.56371912645
912.1150872160647,1,4,0.22735950747340108,0.8254722628028853,3.0,276211.21125463635
2597.0028528217763,2,1,0.13402135472700571,18.530507954493448,3.0,382763.8122075807
2516.3873449128605,2,1,0.2631572513976646,11.392867150913414,2.0,335185.8980030187
3730.603778644368,3,2,0.276307918680992,9.747783515735904,2.0,542151.5129450322
1753.7774120375993,5,1,0.35534146413273676,3.7942697122239717,2.0,306535.0594601107
2175.320262131151,3,3,0.4705648454518807,18.342023867981055,,328916.31505090353
2199.506946968604,6,1,0.19541593157366155,3.175813547653437,3.0,437404.3291790504
3261.9626238107794,2,5,0.43232208904519476,12.07264234520171,2.0,534159.9740277996
1923.7635740904384,5,3,0.25989063901419807,4.38027918576411,2.0,336676.43958291353
2223.2172206162713,6,1,0.05,46.724961781833656,1.0,362483.7311982218
2486.3172077732315,6,2,0.5174906215593755,0.4357359274798042,0.0,373421.8621068784
2149.2872985250865,3,2,0.5908804662849536,3.3420593868181783,3.0,395811.9593243375
1642.8531083595774,4,2,0.34286447170773265,4.162226224177814,1.0,355065.8056525215
2155.271994318646,3,1,0.26346774466286976,8.018268596025322,2.0,266539.0928821619
2858.9053998878176,2,4,0.2092892409753255,3.97375250900766,1.0,354458.8614025187
1178.7877604711518,5,1,0.1804078045773388,10.139899998344449,2.0,273327.2900452039
2106.375739317501,4,4,0.43160518797212744,30.890528176820084,0.0,256728.07935888838
1439.9033480486614,2,1,0.24740901429277407,18.67522554484457,2.0,189114.67023038468
2956.037303139874,1,2,0.5010909695867153,13.01115073899286,1.0,433201.7836916797
781.4504761729802,1,2,0.2552293622993748,1.3982380527518268,,186555.3522117848
1552.8625221827292,5,1,0.1881479959864889,17.762165816771567,,356042.2550883894
2301.769500051617,6,4,0.1598049303232401,2.7302811572933896,1.0,385896.6042263004
3252.4192233874724,1,2,0.1384425872058253,23.152462441596068,2.0,400826.07368744875
1947.3997911416097,2,4,0.3271218739609069,4.316366299935658,1.0,360257.36760475393
1555.8403786454414,5,2,0.055825996771298264,8.094775172255638,1.0,303968.11789442436
3504.925655552472,4,3,0.12724937749956203,6.472598490680423,2.0,507117.90765673097
841.5888796670049,3,3,0.44867239387616054,29.365147569523256,2.0,217168.34444441233
500.0,2,1,0.10681760337632831,2.0294707187081165,1.0,131280.0520430967
2352.011560042666,1,1,0.37940573829850255,12.508392541609563,,343198.61002214684
1598.356620517911,4,1,0.05,2.298344819250527,1.0,285254.5940971582
1183.0137462954294,5,2,0.46751305632636275,18.301321216680414,2.0,270136.85360707203
2566.6851578394826,2,2,0.05946522414586805,35.32051685359293,1.0,287651.85102603823
2195.040571016959,3,4,0.11854093847878619,8.553530563473048,3.0,387996.7542503787
1548.7370954106173,6,1,0.3520513866979488,10.044162990148193,3.0,303178.19731009664
975.7564810632846,5,3,0.29056122013120733,39.34657438106159,1.0,236188.1956057063
2697.9658626241157,3,4,0.3842481154142211,11.040550559479474,1.0,462795.9217342135
2520.160942366929,1,4,0.05826060561136373,10.029699909918591,2.0,387117.88217066287
1920.6593089764938,3,1,0.20697918859996914,12.95295200139953,1.0,327522.8744683681
3477.3095968381326,4,2,0.15743826861843443,17.53052012864161,0.0,515848.3570324754
1143.9321869390778,1,3,0.0834716802771365,1.695571614393931,1.0,223545.1237535376
779.5798632602089,3,1,0.33938461877805487,25.814807059093418,2.0,197035.95512718987
1446.4735440950044,3,1,0.3914577169910193,8.577357021913233,2.0,246272.6288979847
1963.5311869156017,4,2,0.19947006924391997,1.1264874928618829,1.0,318286.2993756721
2194.6715594581533,1,3,0.47840669489442555,23.139498342953917,1.0,360992.19576788653
1807.0111537149362,2,2,0.13214496686824861,7.096926917242685,3.0,306372.82878107164
2281.6443172114373,3,1,0.4747700986205562,1.5865339039462565,2.0,419652.8268101852
998.7684606476447,2,1,0.33433585896373985,15.067776159745184,2.0,223946.9069182196
3155.0116832586073,1,1,0.06646492217874839,31.820381215084506,2.0,399964.74771709583
1934.2790572859449,1,2,0.5472286400624004,32.80587025673475,2.0,258625.44596871268
2893.836665270502,3,2,0.18332837002134592,47.43157628731089,2.0,374072.1331431546
2274.1802771021635,1,1,0.43076766094216756,30.340867151858102,1.0,296564.2031884669
2365.402575323027,3,2,0.2718473682894449,0.032148215843275894,1.0,324603.642475879
2455.813824185763,1,3,0.30616618366777476,7.176372820510688,2.0,371514.84026963025
2358.166848013852,1,2,0.38518101707384617,25.601013792456648,,359631.60086399433
2514.178207894035,6,2,0.3768776776703505,6.841582009212777,3.0,441805.79219396086
3063.3220241059453,3,3,0.19867801553148093,13.80254265853406,1.0,395857.48821668513
2157.216935761176,2,2,0.3297498393907892,13.983136925645594,3.0,297817.22950786445
2567.20300607081,4,2,0.3184899773047753,6.812551946452041,3.0,423788.1652909917
1928.2114445702186,4,1,0.2820341799533868,35.225340839929025,1.0,298091.2527541906
3152.093772359578,1,4,0.21950251992554062,10.49437208881212,2.0,420476.3202772487
1458.8861583525843,3,5,0.2817347249791372,9.376278900350872,,346216.73152697267
3440.7523463286525,3,1,0.545131111929379,89.95466974439033,3.0,411929.4547514828
1967.8736394845253,6,1,0.2057458971828764,10.203475111417198,2.0,333081.3099463719
855.3799183055614,3,4,0.43098811297063133,2.947492390907055,2.0,302523.6112383429
2102.4835319286312,2,2,0.15705453641253037,10.794505772130638,2.0,381059.2256733542
1455.1586740200953,4,4,0.11780280065158846,25.231478778459202,1.0,320418.2913912637
2672.5148391909793,2,3,0.74145990176695,22.4993605021504,1.0,369208.6139678297
1477.9008165580872,2,2,0.33100362954838647,23.308754272514236,2.0,313038.5304043123
1643.0532534281763,3,2,0.335127019193442,18.466243981183446,2.0,327396.7255210794
500.0,1,1,0.3392841657751303,4.399825762282129,2.0,140815.42117889103
1638.1549446007386,1,2,0.46109495598018824,29.71666645825844,2.0,241828.1174524893
500.0,3,1,0.3111715021926631,33.58619389712649,1.0,135645.96405689474
732.8777412114214,4,4,0.3724332808835788,3.2379150648352795,,283513.9759182247
2608.331724915438,6,3,0.09121475826152162,2.0967888704525293,,378135.2552276584
2628.640126920666,4,3,0.3975885305866678,55.700636971797614,2.0,391162.24182481784
2340.366049427972,2,1,0.21448591629436886,30.41115964697889,3.0,325531.52763762936
1226.4190854966296,2,4,0.3507613723287809,,2.0,244651.63273759064
1961.830915086416,6,2,0.05,32.62295868708018,0.0,326097.98691151344
1997.1179687275453,4,1,0.34452693885476704,11.703038073399954,1.0,334486.9343643772
1073.3082486459657,3,1,0.05,15.593907894238347,2.0,226782.3003219851
3202.7186414137204,1,3,0.20861267943457346,11.823834831031434,2.0,480484.02246556565
2701.889832460537,2,2,0.05,0.788459138581821,2.0,356001.1136423681
1823.2286609362689,1,1,0.3449555089375789,,1.0,224612.88257550276
2021.5086711956246,3,2,0.2603904821763813,10.558027738487672,2.0,389150.1763786112
2166.706246358042,4,1,0.13438188954395852,15.649469290009947,2.0,341388.25394463807
500.0,1,2,0.4651612067552242,10.476611653527186,1.0,121785.85509475293
1802.2580939835225,2,3,0.11550002584999275,10.153537314138395,2.0,322699.40081127966
1454.4126016017613,5,2,0.05,2.8273118749310258,1.0,303782.9604769329
1198.7039920840675,5,1,0.32704525507977283,4.900787311931206,2.0,290802.2858873302
1775.1197656912361,3,1,0.05,2.594827142038382,2.0,264992.23383800144
3438.149221479618,1,1,0.12024855354837363,3.266115610835855,2.0,512984.82268778264
2512.674289013608,3,1,0.17239801405910826,54.16621502240654,2.0,272593.8777305997
1543.0568081737624,2,2,0.05,2.492827974577792,,277354.88445561926
2458.066225084927,5,2,0.17594086209126691,4.705677377492046,1.0,457605.83461138647
